Per Capita GDP at constant 2005 prices in US Dollars (all countries),,,,,,,,,,,,,,,,,,,,,,,,,,,,,,,,,,,,,,,,,,,,,,
,,,,,,,,,,,,,,,,,,,,,,,,,,,,,,,,,,,,,,,,,,,,,,
Country,1970,1971,1972,1973,1974,1975,1976,1977,1978,1979,1980,1981,1982,1983,1984,1985,1986,1987,1988,1989,1990,1991,1992,1993,1994,1995,1996,1997,1998,1999,2000,2001,2002,2003,2004,2005,2006,2007,2008,2009,2010,2011,2012,2013,2014,2015
Afghanistan,623,606,493,494,509,529,547,511,542,525,508,528,553,598,628,645,675,611,559,509,474,399,377,262,190,270,246,226,210,194,177,161,253,262,256,271,287,324,324,370,372,392,421,435,431,409
Albania,"1,474","1,497","1,521","1,547","1,572","1,600","1,629","1,655","1,690","1,721","1,740","1,804","1,822","1,806","1,748","1,740","1,792","1,732","1,667","1,799","1,606","1,159","1,087","1,210","1,331","1,524","1,671","1,490","1,616","1,817","1,939","2,098","2,194","2,320","2,458","2,612","2,795","3,002","3,273","3,427","3,589","3,700","3,760","3,798","3,866","3,959"
Algeria,"1,988","1,749","2,080","2,112","2,131","2,193","2,264","2,407","2,576","2,687","2,628","2,625","2,707","2,765","2,831","2,849","2,777","2,679","2,580","2,622","2,577","2,484","2,471","2,366","2,297","2,340","2,394","2,381","2,466","2,509","2,570","2,613","2,724","2,884","2,969","3,102","3,110","3,167","3,192","3,189","3,246","3,278","3,324","3,350","3,411","3,475"
Andorra,"36,449","36,232","37,244","38,241","38,634","37,335","37,264","37,166","36,618","35,505","35,037","33,648","32,665","31,820","30,991","30,364","30,059","30,454","30,754","30,998","30,953","30,530","29,647","28,331","28,218","28,476","29,597","32,353","33,522","34,748","34,488","34,794","35,338","37,657","38,698","40,084","40,821","40,114","36,352","35,068","33,604","32,857","33,553","35,186","37,528","39,086"
Angola,"2,511","2,605","2,551","2,691","2,705","2,503","2,310","2,266","2,086","2,030","2,013","1,860","1,795","1,804","1,848","1,854","1,860","1,939","1,997","1,954","1,891","1,853","1,689","1,242","1,219","1,360","1,500","1,565","1,594","1,582","1,581","1,578","1,746","1,735","1,858","2,064","2,224","2,451","2,634","2,560","2,593","2,594","2,724","2,766","2,786","2,779"
Anguilla,"4,870","4,708","5,209","5,387","5,342","5,497","5,556","5,542","5,936","6,497","6,831","7,134","7,124","7,184","7,488","8,310","9,069","9,594","10,534","10,870","13,040","10,260","12,748","13,270","13,921","13,227","13,214","14,283","15,397","15,592","15,400","15,355","14,364","14,759","16,409","18,130","21,358","23,761","23,030","18,505","17,428","17,896","16,566","16,274","16,920","17,236"
Antigua and Barbuda,"3,601","3,814","4,043","4,337","4,440","4,161","3,759","4,008","4,132","4,575","4,899","5,182","5,262","5,705","6,230","6,827","7,532","8,333","9,100","9,666","9,967","10,101","10,054","10,351","10,763","10,023","10,396","10,663","10,871","11,002","11,430","10,654","10,628","11,155","11,686","12,293","13,717","14,826","14,668","12,761","11,735","11,408","11,724","11,581","11,992","12,362"
Argentina,"4,385","4,477","4,493","4,582","4,748","4,644","4,571","4,790","4,568","4,817","4,814","4,483","4,274","4,380","4,398","4,029","4,252","4,294","4,148","3,801","3,697","4,028","4,382","4,594","4,799","4,604","4,800","5,130","5,267","5,033","4,938","4,668","4,113","4,428","4,775","5,145","5,505","5,940","6,120","5,693","6,218","6,532","6,396","6,475","6,244","6,328"
Armenia,,,,,,,,,,,,,,,,,,,,,"1,202","1,072",636,593,640,698,751,785,849,882,940,"1,035","1,196","1,368","1,517","1,733","1,970","2,252","2,419","2,083","2,131","2,227","2,378","2,444","2,521","2,587"
Aruba,"3,490","3,784","4,099","4,443","4,824","5,251","5,734","6,278","6,879","7,520","8,187","8,862","9,545","10,268","11,090","12,060","13,237","15,566","18,698","20,981","21,421","22,241","22,303","22,525","23,038","22,549","22,043","23,139","24,164","23,969","24,539","23,290","22,026","21,999","23,324","23,303","23,362","23,746","23,749","21,044","20,300","20,950","20,571","21,324","21,397","21,324"
Australia,"19,546","19,931","20,122","20,656","20,668","20,948","21,453","21,407","22,031","22,448","22,924","23,384","22,555","23,264","24,122","24,726","24,958","25,965","26,531","27,038","26,545","26,299","27,035","27,809","28,576","29,389","30,226","31,236","32,456","33,359","33,646","34,579","35,265","36,317","37,013","37,574","38,358","39,078","39,055","39,111","39,333","40,075","40,392","40,763","41,062","41,453"
Austria,"16,685","17,460","18,470","19,308","20,021","19,920","20,825","21,897","21,878","23,082","23,508","23,491","23,972","24,683","24,683","25,276","25,824","26,129","26,924","27,872","28,943","29,752","30,148","30,071","30,579","31,226","31,865","32,507","33,631","34,796","35,888","36,247","36,684","36,777","37,582","38,208","39,324","40,591","41,070","39,369","39,981","40,950","41,100","40,998","41,117","41,379"
Azerbaijan,,,,,,,,,,,,,,,,,,,,,"1,683","1,644","1,253",948,751,654,656,688,750,799,880,958,"1,038","1,132","1,223","1,547","2,056","2,550","2,786","3,010","3,107","3,015","3,034","3,166","3,206","3,186"
Bahamas,"18,443","18,256","17,224","18,155","14,819","12,372","12,742","13,612","15,203","18,755","19,535","17,342","18,095","18,337","20,496","21,058","21,038","21,287","21,410","22,463","21,717","20,428","19,277","18,977","19,239","19,776","20,347","21,343","22,745","23,219","23,831","24,034","24,202","23,398","23,108","23,406","23,526","23,416","22,457","21,144","21,109","20,898","21,214","20,910","20,518","19,918"
Bahrain,"17,790","17,445","18,635","20,321","20,969","18,074","22,156","23,439","22,819","22,280","21,771","19,551","17,529","18,511","18,904","15,407","15,082","14,840","15,614","15,464","15,696","15,970","16,784","18,489","17,654","17,530","17,598","17,464","17,718","18,103","18,620","18,314","18,132","18,357","18,511","18,418","18,071","17,935","17,531","16,760","16,592","16,342","16,601","17,294","17,881","18,189"
Bangladesh,271,251,212,216,233,219,226,226,235,240,235,237,233,238,244,245,249,253,253,253,263,266,271,277,282,290,297,306,316,324,337,348,357,369,386,403,424,449,470,489,510,537,565,592,620,653
Barbados,"9,948","10,286","10,356","10,429","9,880","9,634","10,000","10,304","10,755","11,552","12,012","11,742","11,134","11,160","11,531","11,624","12,178","12,453","12,843","13,258","12,775","12,234","11,338","11,435","11,828","12,021","12,456","12,993","13,423","13,428","13,690","13,292","13,346","13,574","13,722","14,223","14,978","15,186","15,183","14,515","14,501","14,563","14,556","14,494","14,478","14,563"
Belarus,,,,,,,,,,,,,,,,,,,,,"2,328","2,293","2,074","1,920","1,700","1,527","1,575","1,761","1,917","1,992","2,119","2,233","2,359","2,541","2,848","3,134","3,464","3,776","4,175","4,191","4,522","4,775","4,856","4,902","4,986","4,792"
Belgium,"17,271","17,866","18,761","19,871","20,669","20,359","21,469","21,561","22,131","22,610","23,591","23,502","23,625","23,684","24,252","24,632","25,055","25,601","26,768","27,640","28,433","28,858","29,186","28,786","29,603","30,214","30,626","31,710","32,289","33,372","34,481","34,616","35,051","35,114","36,160","36,676","37,343","38,350","38,370","37,233","37,972","38,390","38,185","37,660","38,283","38,607"
Belize,"1,758","1,837","1,887","1,844","1,984","1,968","1,928","1,981","2,107","2,152","2,202","2,179","2,117","2,014","1,996","1,960","1,994","2,158","2,294","2,530","2,759","2,777","2,896","3,031","3,043","3,089","3,039","3,035","3,029","3,173","3,464","3,528","3,607","3,842","3,919","3,933","4,012","3,957","3,957","3,887","3,920","3,910","3,969","3,942","4,007","3,969"
Benin,396,396,425,433,452,411,407,413,401,421,449,461,496,462,484,505,501,480,479,461,486,489,485,494,487,518,524,538,543,556,571,582,590,590,596,587,591,608,619,615,610,611,622,647,671,688
Bermuda,"42,337","43,320","43,635","43,828","43,785","45,032","48,664","49,532","50,188","53,128","54,783","52,504","52,205","52,308","50,901","52,707","54,672","56,459","56,817","56,511","54,661","54,465","52,663","53,630","54,182","56,814","58,739","61,184","63,322","65,205","66,870","71,380","70,006","72,103","73,595","74,753","78,268","81,081","82,341","77,830","76,318","73,372","70,928","69,678","69,814","70,479"
Bhutan,290,287,281,274,278,259,272,284,294,298,304,330,329,347,360,370,410,520,534,562,618,624,655,680,730,784,828,862,894,938,992,"1,042","1,120","1,171","1,205","1,258","1,312","1,514","1,555","1,629","1,788","1,898","1,963","1,976","2,056","2,136"
Bolivia (Plurinational State of),844,869,919,951,958,"1,006","1,030","1,058","1,056","1,034",998,986,923,863,840,815,779,784,791,805,826,853,850,869,892,915,936,964,993,978,983,982,988,996,"1,020","1,046","1,078","1,108","1,157","1,176","1,205","1,248","1,291","1,358","1,410","1,456"
Bosnia and Herzegovina,,,,,,,,,,,,,,,,,,,,,634,586,566,575,663,824,"1,293","1,782","2,080","2,273","2,391","2,450","2,568","2,662","2,824","2,928","3,082","3,257","3,436","3,339","3,367","3,400","3,371","3,457","3,499","3,614"
Botswana,596,726,888,"1,041","1,094","1,144","1,218","1,296","1,392","1,530","1,654","1,782","1,866","2,018","2,217","2,344","2,436","2,555","2,780","3,595","3,740","3,904","3,910","3,879","3,918","4,095","4,238","4,483","4,429","4,771","4,787","4,728","4,947","5,108","5,174","5,328","5,677","6,036","6,291","5,696","6,061","6,299","6,447","6,940","7,022","6,873"
Brazil,"2,368","2,572","2,809","3,125","3,299","3,387","3,646","3,734","3,827","3,990","4,256","3,981","3,921","3,720","3,835","4,049","4,264","4,329","4,245","4,301","4,043","4,017","3,917","4,043","4,214","4,325","4,349","4,427","4,360","4,305","4,423","4,415","4,467","4,454","4,642","4,731","4,861","5,100","5,305","5,247","5,587","5,751","5,806","5,927","5,707","5,441"
British Virgin Islands,"10,635","9,417","9,277","9,659","10,483","10,856","10,748","10,893","11,654","12,860","14,381","14,072","13,902","14,141","14,298","13,864","13,748","15,051","16,011","16,704","14,523","12,705","14,966","19,060","23,671","28,792","30,366","32,799","35,360","37,864","40,192","41,161","38,964","33,341","33,762","37,550","36,883","35,900","34,474","34,674","34,128","32,768","30,586","29,914","29,304","28,470"
Brunei Darussalam,"32,190","33,844","35,670","37,440","40,049","38,592","44,573","47,577","48,972","57,945","52,141","40,527","40,911","39,971","39,107","37,461","32,242","31,443","30,455","30,257","29,729","29,803","30,346","29,597","29,710","30,242","30,347","29,196","28,379","28,619","28,835","29,054","29,624","29,946","29,577","29,184","29,949","29,489","28,438","27,481","27,750","28,346","28,177","27,177","26,164","25,663"
Bulgaria,"1,323","1,406","1,505","1,618","1,732","1,876","1,991","2,109","2,220","2,361","2,489","2,603","2,656","2,740","2,828","2,902","3,026","3,214","3,575","3,473","3,177","2,934","2,750","2,742","2,825","2,938","2,689","2,684","2,800","2,653","2,809","2,953","3,156","3,344","3,592","3,882","4,175","4,529","4,820","4,650","4,685","4,793","4,838","4,935","5,047","5,234"
Burkina Faso,231,226,272,253,262,263,256,269,294,290,279,291,288,268,255,270,284,276,285,283,274,291,284,286,282,290,313,324,338,349,346,358,363,380,386,407,420,424,435,434,457,473,488,502,509,514
Burundi,175,178,166,175,172,170,184,197,201,199,191,206,199,200,194,209,210,212,215,211,212,218,217,197,188,171,154,153,157,153,149,148,150,143,144,141,143,143,145,145,147,148,150,152,154,143
Cabo Verde,911,950,969,987,"1,013",842,856,808,877,894,928,990,998,"1,071","1,090","1,162","1,176","1,209","1,262","1,312","1,295","1,283","1,288","1,345","1,399","1,463","1,521","1,596","1,689","1,846","1,939","2,018","2,087","2,151","2,213","2,331","2,546","2,749","2,916","2,862","2,882","2,967","2,965","2,952","2,968","2,973"
Cambodia,366,341,315,251,235,232,236,207,214,192,183,182,177,178,180,182,183,216,244,236,232,241,249,250,260,267,271,278,284,310,330,350,366,390,424,472,515,560,588,580,605,638,673,712,750,789
Cameroon,803,810,810,831,895,969,890,985,"1,167","1,202","1,145","1,192","1,243","1,308","1,371","1,361","1,251","1,145","1,069","1,005",970,906,854,803,780,789,806,827,844,856,868,884,896,908,918,915,921,927,929,924,930,944,963,991,"1,024","1,057"
Canada,"18,790","19,249","19,975","21,036","21,493","21,585","22,417","22,915","23,552","24,183","24,446","25,044","24,001","24,376","25,543","26,440","26,668","27,384","28,196","28,452","28,119","27,176","27,087","27,490","28,413","28,871","29,048","30,007","30,888","32,189","33,547","33,822","34,509","34,788","35,500","36,253","36,799","37,136","37,079","35,577","36,266","37,000","37,248","37,777","38,357","38,339"
Cayman Islands,"26,219","25,812","26,380","28,352","29,237","30,178","31,174","32,230","33,433","34,878","36,631","38,745","41,202","45,163","46,868","46,553","47,860","49,647","53,686","55,392","59,611","57,642","56,833","56,955","57,176","56,864","56,386","56,042","68,859","67,492","65,087","62,984","62,030","61,497","60,387","62,558","63,599","63,759","61,797","55,911","53,193","52,796","52,570","52,464","53,188","52,874"
Central African Republic,569,541,520,534,508,506,517,547,540,514,478,471,466,424,442,445,450,418,418,419,403,398,383,372,381,391,353,366,374,388,388,383,374,342,346,348,359,366,369,369,375,376,379,235,233,239
Chad,583,581,528,491,545,625,604,548,535,412,379,331,341,385,395,414,426,428,446,440,440,442,438,417,427,419,414,422,436,418,401,431,450,495,638,664,631,718,704,743,815,770,820,852,"1,014","1,047"
Chile,"3,236","3,461","3,359","3,118","3,097","2,654","2,705","2,927","3,121","3,329","3,541","3,707","3,156","3,023","3,152","3,165","3,289","3,449","3,640","3,958","4,038","4,291","4,742","4,995","5,201","5,671","6,005","6,315","6,434","6,303","6,503","6,641","6,704","6,885","7,283","7,645","7,989","8,308","8,487","8,307","8,690","9,098","9,491","9,763","9,842","9,965"
China,150,156,158,167,167,178,172,182,201,213,226,235,252,275,312,349,373,408,445,456,465,501,564,635,710,780,850,922,987,"1,057","1,140","1,228","1,332","1,458","1,596","1,768","1,982","2,252","2,457","2,674","2,941","3,203","3,438","3,687","3,936","4,187"
"China, Hong Kong SAR","5,580","5,916","6,443","7,096","7,103","6,955","7,844","8,484","8,891","9,630","10,344","11,086","11,246","11,777","12,808","12,752","13,976","15,627","16,717","16,866","17,295","18,083","19,025","20,002","20,949","21,112","21,580","22,171","20,395","20,501","21,765","21,717","22,019","22,706","24,713","26,536","28,346","30,079","30,578","29,659","31,466","32,743","33,030","33,755","34,358","34,900"
"China, Macao SAR","4,870","5,177","5,559","6,012","6,524","7,084","7,686","8,341","9,024","9,658","10,272","10,814","11,116","11,646","12,066","11,784","12,207","13,261","13,874","14,126","14,836","15,259","16,844","17,374","17,818","18,047","17,579","17,301","16,323","16,006","16,332","16,566","17,801","19,586","24,402","25,830","28,563","31,808","31,963","31,508","38,492","45,801","49,035","53,539","52,177","40,874"
Colombia,"1,791","1,851","1,947","2,032","2,101","2,102","2,152","2,192","2,324","2,393","2,435","2,435","2,403","2,386","2,412","2,434","2,522","2,604","2,656","2,694","2,756","2,759","2,819","2,928","3,026","3,131","3,144","3,202","3,172","2,994","3,037","3,044","3,076","3,153","3,276","3,386","3,567","3,767","3,855","3,874","3,984","4,202","4,328","4,495","4,648","4,747"
Comoros,"1,223","1,250","1,253","1,316","1,323","1,370","1,327","1,329","1,316","1,388","1,438","1,447","1,493","1,521","1,540","1,526","1,511","1,491","1,486","1,418","1,389","1,372","1,446","1,447","1,332","1,342","1,288","1,307","1,287","1,278","1,276","1,273","1,271","1,266","1,260","1,264","1,371","1,349","1,366","1,380","1,338","1,358","1,382","1,476","1,495","1,530"
Congo,"1,173","1,241","1,253","1,426","1,371","1,319","1,341","1,206","1,242","1,342","1,469","1,729","2,075","2,128","2,217","2,130","1,929","1,880","1,862","1,845","1,815","1,810","1,809","1,745","1,607","1,627","1,685","1,599","1,612","1,529","1,604","1,626","1,663","1,639","1,657","1,738","1,794","1,713","1,759","1,834","1,938","1,950","1,973","1,988","2,071","2,044"
Cook Islands,"4,797","4,271","3,802","4,000","4,112","4,147","3,952","4,063","4,087","4,379","4,547","4,398","4,525","4,527","5,182","5,614","6,073","5,997","6,128","6,415","6,911","7,355","7,716","7,931","8,175","7,794","7,799","7,679","7,696","7,950","9,043","9,320","9,462","9,667","9,682","9,411","9,752","9,633","9,221","9,256","8,923","8,956","9,325","9,148","9,662","10,136"
Costa Rica,"2,451","2,548","2,688","2,824","2,908","2,896","2,979","3,161","3,273","3,345","3,282","3,123","2,819","2,822","2,969","2,913","2,997","3,061","3,089","3,183","3,215","3,205","3,410","3,571","3,648","3,699","3,643","3,756","3,980","4,216","4,208","4,277","4,346","4,462","4,588","4,697","4,966","5,297","5,468","5,344","5,538","5,707","5,912","5,966","6,077","6,233"
Côte d'Ivoire,"1,312","1,372","1,365","1,381","1,375","1,421","1,533","1,572","1,667","1,633","1,392","1,380","1,325","1,222","1,142","1,148","1,141","1,097","1,070","1,156","1,102","1,065","1,022",984,972,"1,008","1,043","1,071","1,095","1,088","1,034","1,014",979,949,943,942,938,936,940,949,947,885,956,"1,019","1,080","1,154"
Croatia,,,,,,,,,,,,,,,,,,,,,"8,907","7,053","6,263","5,803","6,196","6,679","7,136","7,681","7,895","7,883","8,233","8,553","9,026","9,542","9,943","10,374","10,894","11,485","11,756","10,922","10,771","10,777","10,578","10,503","10,490","10,701"
Cuba,"1,938","2,068","2,130","2,167","2,156","2,330","2,429","2,616","2,766","2,777","2,627","3,129","3,394","3,562","3,826","3,861","3,833","3,704","3,800","3,787","3,642","3,227","2,835","2,399","2,404","2,451","2,631","2,693","2,688","2,844","3,002","3,088","3,123","3,233","3,412","3,787","4,238","4,543","4,727","4,793","4,903","5,033","5,176","5,309","5,357","5,589"
Curaçao,,,,,,,,,,,,,,,,,,,,,,,,,,,,,,,,,,,,"18,120","18,064","18,013","17,846","17,236","16,829","16,613","16,353","16,046","15,715","15,614"
Cyprus,"6,251","6,980","7,377","7,480","7,583","6,366","7,575","8,777","9,408","10,262","10,755","10,945","11,504","11,960","12,840","13,286","13,631","14,435","15,465","16,475","17,331","16,999","18,112","17,796","18,439","19,905","19,859","20,079","20,866","21,635","22,636","23,193","23,701","24,009","24,757","25,311","26,015","26,695","27,039","25,856","25,521","24,958","23,804","22,145","21,579","21,722"
Czech Republic,,,,,,,,,,,,,,,,,,,,,"10,342","9,136","9,085","9,087","9,351","9,936","10,370","10,313","10,297","10,462","10,930","11,284","11,492","11,921","12,511","13,292","14,150","14,847","15,151","14,332","14,595","14,849","14,715","14,644","15,045","15,727"
Czechoslovakia (Former),"5,455","5,704","5,972","6,214","6,540","6,907","7,112","7,365","7,608","7,785","7,975","7,938","7,930","8,103","8,354","8,584","8,794","8,956","9,169","9,189","9,099",,,,,,,,,,,,,,,,,,,,,,,,,
D.P.R. of Korea,487,523,562,605,653,707,724,744,766,788,810,828,845,862,880,898,897,897,842,816,759,703,642,604,584,553,527,488,479,504,501,516,518,524,532,548,539,529,543,535,530,531,535,538,541,532
D.R. of the Congo,775,800,780,821,824,762,701,687,632,617,614,612,594,587,604,591,602,601,586,560,505,445,383,319,295,287,276,254,244,228,207,197,196,201,208,213,218,224,230,229,238,246,255,268,284,295
Denmark,"25,344","25,946","26,810","27,759","27,316","26,805","28,288","28,727","29,293","30,371","30,193","29,983","31,100","31,932","33,286","34,631","36,327","36,401","36,360","36,537","36,998","37,412","38,019","37,881","39,743","40,780","41,788","42,969","43,739","44,853","46,369","46,608","46,700","46,761","47,869","48,815","50,511","50,725","50,205","47,496","48,148","48,567","48,465","48,715","49,333","49,929"
Djibouti,"2,538","2,541","2,482","2,451","2,196","2,237","2,192","1,730","1,438","1,387","1,361","1,342","1,329","1,317","1,286","1,227","1,138","1,062",997,910,924,862,889,914,877,911,849,872,854,858,855,858,867,881,895,910,"1,012","1,049","1,092","1,132","1,156","1,192","1,233","1,278","1,336","1,404"
Dominica,"1,520","1,620","1,740","1,888","2,009","2,063","2,189","2,223","2,458","1,985","2,258","2,529","2,640","2,727","2,898","2,958","3,194","3,469","3,803","3,813","4,033","4,110","4,215","4,191","4,241","4,325","4,491","4,628","4,805","4,863","4,910","4,928","4,818","5,168","5,284","5,251","5,479","5,797","6,243","6,163","6,220","6,210","6,115","6,324","6,559","6,413"
Dominican Republic,"1,458","1,572","1,689","1,856","1,916","1,965","2,045","2,095","2,089","2,132","2,250","2,293","2,280","2,333","2,312","2,215","2,245","2,422","2,424","2,481","2,311","2,283","2,475","2,604","2,615","2,710","2,854","3,032","3,192","3,353","3,487","3,496","3,641","3,577","3,570","3,844","4,194","4,485","4,563","4,544","4,856","4,929","4,995","5,169","5,482","5,795"
Ecuador,"1,753","1,811","1,848","2,048","2,215","2,391","2,500","2,473","2,545","2,572","2,600","2,676","2,625","2,552","2,554","2,589","2,613","2,543","2,628","2,591","2,623","2,672","2,666","2,658","2,711","2,712","2,702","2,762","2,796","2,613","2,594","2,651","2,713","2,741","2,918","3,022","3,103","3,117","3,260","3,224","3,283","3,485","3,624","3,744","3,835","3,783"
Egypt,372,376,383,378,379,390,434,457,482,519,557,564,604,681,731,760,754,791,810,835,863,888,928,936,954,979,"1,010","1,047","1,069","1,115","1,154","1,173","1,188","1,202","1,229","1,260","1,323","1,393","1,466","1,507","1,554","1,548","1,548","1,545","1,545","1,576"
El Salvador,"1,926","1,968","2,024","2,075","2,156","2,225","2,262","2,349","2,451","2,365","2,122","1,915","1,781","1,770","1,786","1,797","1,785","1,809","1,814","1,810","1,847","1,888","2,004","2,124","2,226","2,343","2,360","2,439","2,511","2,580","2,619","2,648","2,697","2,746","2,786","2,874","2,977","3,081","3,111","3,005","3,037","3,096","3,146","3,194","3,230","3,300"
Equatorial Guinea,822,876,928,"1,043","1,130","1,262","1,319","1,468","1,427","1,358","1,387","1,390","1,317","1,272","1,189","1,260","1,172","1,177","1,170","1,121","1,113","1,080","1,182","1,250","1,320","1,425","1,854","3,499","3,981","4,742","5,186","8,415","9,780","10,748","12,906","13,613","13,893","15,534","17,754","17,460","15,431","15,952","16,768","15,604","15,076","13,556"
Eritrea,,,,,,,,,,,,,,,,,,,,,153,170,189,214,242,291,294,315,332,330,320,272,285,283,266,262,253,250,221,225,225,240,251,253,260,266
Estonia,,,,,,,,,,,,,,,,,,,,,"6,765","6,292","5,050","4,865","4,869","5,162","5,496","6,179","6,449","6,405","7,106","7,596","8,110","8,774","9,390","10,330","11,444","12,378","11,744","10,044","10,321","11,139","11,654","11,854","12,225","12,436"
Ethiopia,,,,,,,,,,,,,,,,,,,,,141,126,111,121,121,124,137,137,127,130,134,141,139,132,146,159,171,186,200,212,233,257,272,293,315,337
Ethiopia (Former),159,162,164,164,162,158,158,157,153,159,165,166,164,167,154,140,145,153,152,149,144,130,115,126,,,,,,,,,,,,,,,,,,,,,,
Fiji,"1,947","2,031","2,143","2,338","2,355","2,361","2,358","2,436","2,439","2,682","2,579","2,680","2,551","2,416","2,560","2,420","2,560","2,383","2,422","2,736","2,949","2,843","2,918","2,927","3,034","3,070","3,181","3,078","3,089","3,335","3,259","3,312","3,412","3,442","3,617","3,627","3,669","3,605","3,604","3,519","3,593","3,661","3,684","3,829","4,016","4,134"
Finland,"15,786","16,099","17,265","18,376","18,877","19,138","19,141","19,138","19,651","20,994","22,048","22,234","22,801","23,381","24,004","24,736","25,312","26,128","27,408","28,711","28,795","26,969","25,940","25,615","26,493","27,490","28,397","30,086","31,642","32,974","34,754","35,568","36,081","36,708","38,039","38,966","40,391","42,302","42,408","38,709","39,666","40,473","39,684","39,178","38,712","38,625"
Former Netherlands Antilles,"7,133","7,476","7,715","7,927","8,276","8,430","8,928","12,174","12,998","13,612","14,736","14,802","14,383","14,137","13,715","13,283","12,435","12,480","12,577","13,472","13,597","13,771","14,149","14,757","15,568","15,884","16,243","16,641","16,352","16,286","16,159","16,564","16,775","17,136","17,303","17,312","17,372","17,557","17,367","16,813","16,318","15,966","15,683",,,
France,"17,381","18,155","18,808","19,814","20,495","20,156","20,914","21,548","22,330","23,048","23,326","23,473","23,944","24,117","24,348","24,602","25,032","25,520","26,565","27,556","28,199","28,341","28,650","28,339","28,873","29,346","29,630","30,202","31,149","32,066","33,140","33,592","33,750","33,798","34,505","34,833","35,440","36,064","35,930","34,685","35,182","35,733","35,627","35,666","35,731","36,026"
French Polynesia,"13,341","14,444","13,304","13,864","15,826","14,573","15,286","15,141","16,154","16,302","15,905","16,757","17,896","18,325","18,773","19,245","20,298","21,165","20,380","20,771","20,805","21,607","21,357","21,165","20,859","20,611","20,400","20,339","20,618","20,977","21,649","21,588","21,709","22,141","22,333","22,374","22,324","22,475","22,261","21,116","20,391","19,583","19,195","19,828","20,136","20,246"
Gabon,"5,342","5,776","6,312","6,826","9,341","10,911","14,484","12,382","9,188","9,014","9,020","9,246","8,735","8,988","9,411","8,948","8,638","6,962","7,642","8,070","8,260","8,532","8,052","8,030","8,252","8,440","8,523","8,784","8,818","7,690","7,409","7,410","7,114","7,132","7,032","6,952","6,586","6,848","6,464","6,288","6,565","6,874","7,076","7,305","7,501","7,620"
Gambia,450,438,425,450,462,475,456,450,459,431,418,477,493,458,452,448,437,429,430,426,424,422,423,423,412,405,410,401,404,419,432,443,431,427,452,433,424,426,436,449,463,429,440,446,435,442
Georgia,,,,,,,,,,,,,,,,,,,,,"2,188","1,735",976,702,641,669,756,847,885,921,950,"1,007","1,075","1,208","1,293","1,433","1,584","1,801","1,862","1,813","1,948","2,116","2,281","2,391","2,531","2,624"
Germany,"17,429","17,925","18,668","19,552","19,731","19,571","20,556","21,266","21,933","22,879","23,244","23,418","23,379","23,794","24,494","25,063","25,603","25,898","26,761","27,673","28,964","30,242","30,596","30,078","30,616","30,993","31,148","31,676","32,297","32,957","33,962","34,574","34,620","34,430","34,897","35,218","36,607","37,895","38,394","36,303","37,824","39,213","39,380","39,530","40,120","40,789"
Ghana,769,791,749,768,799,684,647,651,695,665,652,612,551,508,533,542,554,564,580,593,596,610,616,629,632,641,654,666,682,696,708,723,738,757,777,804,819,833,886,906,953,"1,060","1,131","1,184","1,203","1,221"
Greece,"10,921","11,723","12,861","13,837","12,866","13,568","14,335","14,560","15,395","15,691","15,622","15,245","14,970","14,730","14,960","15,272","15,293","14,896","15,477","15,987","15,883","16,238","16,188","15,757","15,905","16,089","16,419","17,040","17,605","18,060","18,694","19,406","20,124","21,255","22,294","22,383","23,588","24,288","24,140","23,065","21,805","19,858","18,480","17,969","18,121","18,158"
Greenland,"13,307","14,689","15,310","16,128","16,879","16,867","17,800","19,346","20,503","21,464","23,220","23,184","21,912","22,374","20,933","21,431","22,691","23,691","24,787","26,239","23,036","22,934","21,735","20,646","21,880","22,699","23,037","23,357","25,136","25,437","27,182","27,449","27,091","26,897","27,968","28,969","30,523","31,594","32,308","32,156","33,039","33,830","33,717","33,316","32,803","32,901"
Grenada,"1,379","1,480","1,594","1,739","1,859","1,930","2,127","2,280","2,433","2,594","2,570","2,547","2,600","2,596","2,652","2,824","3,050","3,416","3,581","3,845","4,069","4,155","4,111","3,958","4,022","4,073","4,231","4,428","4,940","5,274","5,522","5,398","5,569","6,081","6,024","6,804","6,571","6,890","6,932","6,448","6,395","6,420","6,314","6,425","6,553","6,931"
Guatemala,"1,527","1,568","1,636","1,698","1,757","1,743","1,822","1,913","1,956","1,996","2,017","1,977","1,856","1,762","1,724","1,671","1,633","1,650","1,674","1,699","1,710","1,730","1,769","1,794","1,821","1,865","1,873","1,907","1,951","1,983","2,006","2,003","2,030","2,032","2,046","2,064","2,126","2,209","2,232","2,195","2,210","2,253","2,272","2,308","2,355","2,404"
Guinea,314,328,332,336,352,360,387,373,396,388,393,389,387,383,378,386,386,388,400,400,399,383,373,370,365,367,371,380,386,394,397,404,418,415,417,420,414,430,436,418,424,436,452,459,452,440
Guinea-Bissau,433,408,426,423,435,461,476,434,483,484,399,389,397,375,388,395,383,396,414,423,427,430,433,434,437,444,451,468,380,421,412,411,397,391,393,401,402,406,410,414,423,447,429,432,422,432
Guyana,"1,343","1,364","1,321","1,328","1,403","1,528","1,550","1,487","1,439","1,398","1,413","1,432","1,247","1,170","1,121","1,160","1,164","1,191","1,163","1,119","1,094","1,164","1,255","1,353","1,462","1,528","1,640","1,734","1,696","1,740","1,711","1,747","1,766","1,749","1,808","1,772","1,859","1,985","2,018","2,077","2,161","2,270","2,371","2,485","2,570","2,639"
Haiti,599,626,622,640,665,661,703,693,712,750,788,748,705,695,681,670,652,633,639,608,602,601,558,517,447,482,493,497,499,504,499,486,477,471,448,448,451,459,456,463,431,449,455,468,475,476
Honduras,972,984,"1,011","1,060","1,017","1,008","1,080","1,155","1,231","1,248","1,218","1,210","1,157","1,112","1,126","1,138","1,112","1,145","1,163","1,179","1,147","1,152","1,184","1,225","1,179","1,197","1,211","1,243","1,252","1,202","1,245","1,253","1,275","1,307","1,362","1,418","1,484","1,548","1,585","1,521","1,552","1,587","1,628","1,649","1,676","1,713"
Hungary,"4,810","5,091","5,383","5,734","6,048","6,395","6,584","6,991","7,275","7,360","7,353","7,570","7,807","7,897","8,147","8,164","8,326","8,700","8,727","8,819","8,531","7,545","7,318","7,276","7,492","7,611","7,624","7,894","8,250","8,539","8,923","9,285","9,730","10,129","10,661","11,152","11,602","11,671","11,790","11,034","11,131","11,354","11,206","11,482","11,989","12,410"
Iceland,"21,190","23,650","24,774","26,104","27,243","27,106","28,433","30,666","32,239","33,513","35,105","36,222","36,590","35,387","36,418","37,186","39,076","41,947","41,457","41,126","41,181","40,681","38,929","39,066","40,093","39,755","41,251","42,848","45,203","46,538","48,225","49,576","49,242","49,928","53,372","56,248","58,247","62,749","62,754","57,597","54,899","55,469","55,732","57,834","58,602","60,655"
India,259,258,251,252,249,266,264,277,286,265,276,288,292,306,310,320,328,337,362,378,391,385,398,409,431,455,480,492,512,539,550,569,581,619,660,710,764,826,846,904,983,"1,035","1,079","1,136","1,204","1,279"
Indonesia,349,364,388,421,442,452,471,500,527,547,587,619,618,658,688,690,716,737,765,819,877,939,990,"1,044","1,105","1,178","1,251","1,291","1,106","1,104","1,142","1,168","1,204","1,245","1,290","1,345","1,401","1,470","1,538","1,588","1,665","1,745","1,826","1,903","1,973","2,043"
Iran (Islamic Republic of),"3,388","3,751","4,182","4,372","4,498","4,354","4,995","4,706","3,969","3,372","2,547","2,310","2,733","2,914","2,598","2,542","2,204","2,117","1,917","1,972","2,183","2,412","2,456","2,391","2,324","2,347","2,456","2,445","2,449","2,453","2,554","2,577","2,749","2,951","3,043","3,135","3,277","3,536","3,528","3,569","3,758","3,851","3,550","3,438","3,541","3,511"
Iraq,998,"1,032",962,"1,107","1,158","1,282","1,498","1,477","1,692","2,034","1,983","1,581","1,522","1,359","1,328","1,296","1,369","1,599","1,612","1,435","1,400",462,564,814,753,596,865,"1,022","1,336","1,524","1,500","1,491","1,350",879,"1,320","1,342","1,441","1,425","1,481","1,524","1,562","1,668","1,816","2,211","2,124","2,007"
Ireland,"12,100","12,366","12,979","13,376","13,716","14,251","14,211","15,128","15,963","16,219","16,508","16,871","17,097","16,928","17,567","18,043","17,935","18,771","19,767","20,928","22,689","23,081","23,771","24,295","25,544","27,815","30,110","33,055","35,412","38,794","42,054","43,912","45,583","46,407","48,580","50,356","52,189","53,002","49,648","46,566","46,909","46,533","45,871","46,341","50,221","63,237"
Israel,"10,434","11,233","12,194","12,452","12,839","12,869","12,568","12,388","12,782","13,291","13,248","13,698","13,737","13,959","13,857","14,182","14,541","15,332","15,502","15,262","15,957","16,662","17,337","17,404","18,051","18,668","19,237","19,504","19,842","20,102","21,434","21,048","20,636","20,503","21,141","21,573","22,294","23,112","23,226","23,000","23,786","24,518","24,674","25,347","25,748","25,986"
Italy,"15,235","15,405","15,865","16,883","17,702","17,236","18,374","18,764","19,300","20,383","21,019","21,139","21,176","21,379","22,031","22,619","23,248","23,980","24,981","25,824","26,332","26,727","26,935","26,689","27,252","28,039","28,413","28,959","29,444","29,891","30,939","31,371","31,287","31,147","31,452","31,584","32,075","32,426","31,988","30,159","30,606","30,735","29,839","29,307","29,326","29,536"
Jamaica,"4,073","4,136","4,446","4,433","4,197","4,126","3,812","3,679","3,659","3,549","3,302","3,334","3,319","3,338","3,260","3,071","3,094","3,312","3,391","3,605","3,779","3,785","4,142","4,186","4,185","4,190","4,165","4,086","4,000","4,005","4,002","4,025","4,027","4,151","4,183","4,199","4,299","4,340","4,284","4,080","4,003","4,056","4,015","4,020","4,034","4,059"
Japan,"15,550","16,059","17,169","18,296","17,840","18,174","18,696","19,331","20,174","21,107","21,529","22,254","22,832","23,363","24,250","25,641","26,244","27,216","29,062","30,523","32,114","33,059","33,200","33,128","33,295","34,103","35,073","35,378","34,918","34,770","35,670","35,742","35,706","36,173","36,898","37,450","37,935","38,528","38,087","36,017","37,533","37,509","38,104","38,914","39,103","39,649"
Jordan,"1,544","1,482","1,505","1,359","1,319","1,272","1,413","1,492","1,667","1,958","2,108","2,381","2,448","2,295","2,297","2,149","2,188","2,165","2,123","1,822","1,737","1,675","1,810","1,789","1,789","1,827","1,812","1,832","1,856","1,890","1,939","2,006","2,084","2,126","2,251","2,361","2,461","2,556","2,626","2,657","2,613","2,585","2,565","2,557","2,564","2,564"
Kazakhstan,,,,,,,,,,,,,,,,,,,,,"3,040","2,710","2,578","2,360","2,085","1,937","1,974","2,039","2,030","2,109","2,332","2,649","2,896","3,138","3,405","3,697","4,053","4,371","4,470","4,472","4,736","5,011","5,169","5,390","5,528","5,514"
Kenya,522,537,544,552,558,536,537,565,593,592,602,602,600,586,574,577,596,609,624,631,636,624,599,583,581,589,598,584,589,587,575,586,574,576,590,608,630,656,640,644,680,703,715,736,755,777
Kiribati,"2,133","2,051","2,264","2,697","3,863","4,012","2,895","2,721","2,709","2,361","1,293","1,232","1,339","1,192","1,263","1,181","1,172","1,107","1,274","1,136","1,135","1,186","1,171","1,163","1,163","1,140","1,157","1,165","1,229","1,175","1,294","1,211","1,194","1,223","1,180","1,215","1,171","1,171","1,125","1,104","1,064","1,049","1,083","1,125","1,132","1,154"
Kosovo,,,,,,,,,,,,,,,,,,,,,"3,899","2,799","2,001","1,447","1,410","1,515","1,667","1,838","1,741","1,399","1,534","1,996","2,087","2,001","2,011","2,108","2,183","2,356","2,512","2,592","2,675","2,758","2,845","2,958","3,009","3,147"
Kuwait,"66,738","66,336","64,244","56,133","45,803","37,776","37,951","34,468","35,026","37,837","28,975","22,391","18,895","19,529","19,664","17,986","18,585","19,106","16,459","20,198","14,869","8,997","17,292","24,647","28,351","29,704","30,576","30,442","30,126","28,200","28,353","27,550","27,656","31,614","33,720","35,694","36,355","36,270","34,879","30,432","27,980","28,972","29,262","28,164","27,103","26,618"
Kyrgyzstan,,,,,,,,,,,,,,,,,,,,,698,636,544,456,362,339,358,387,388,396,412,431,428,456,485,481,491,527,563,571,559,583,573,622,637,648
Lao People's DR,159,162,163,172,174,182,185,179,179,173,188,212,222,227,236,242,246,236,225,249,258,262,269,277,292,305,319,334,341,359,374,390,407,426,450,473,461,536,568,599,637,677,718,763,807,854
Latvia,,,,,,,,,,,,,,,,,,,,,"6,721","6,064","4,001","3,463","3,545","3,569","3,697","4,068","4,370","4,522","4,813","5,181","5,617","6,170","6,773","7,597","8,610","9,587","9,358","8,119","7,911","8,512","8,968","9,344","9,648","10,007"
Lebanon,"6,339","6,758","7,381","7,531","7,544","5,176","2,207","4,032","3,911","4,283","4,426","4,433","2,784","3,392","4,872","6,035","5,624","6,578","4,729","2,713","3,399","4,614","4,703","4,895","5,155","5,386","5,593","5,427","5,584","5,483","5,422","5,427","5,351","5,257","5,414","5,390","5,387","5,849","6,353","6,871","7,157","6,822","6,537","6,272","6,016","5,858"
Lesotho,277,246,287,355,368,330,375,430,502,436,413,407,411,408,417,423,436,430,462,481,502,505,532,539,556,558,583,596,602,614,640,661,660,686,697,711,736,764,801,821,877,902,936,966,988,"1,004"
Liberia,498,509,514,519,522,488,497,487,500,508,461,427,419,391,378,365,359,367,382,399,199,173,115,78,60,56,60,114,137,157,187,220,284,187,174,186,204,216,240,260,278,285,300,316,311,305
Libya,"9,430","8,553","8,934","8,720","10,209","10,186","12,018","12,576","12,496","13,098","12,685","9,857","9,748","9,154","8,385","8,785","7,550","6,258","6,554","6,851","6,938","7,844","7,469","7,043","7,038","6,751","6,768","6,991","6,623","6,556","6,594","6,517","6,330","7,037","7,226","7,834","8,211","8,470","9,543","9,341","9,656","3,726","8,380","4,023","3,061","2,740"
Liechtenstein,"51,791","51,541","51,391","51,302","51,200","51,053","52,385","53,715","55,101","56,625","58,352","60,341","58,725","58,481","60,443","64,093","66,018","71,396","74,634","77,125","77,929","78,336","80,084","82,386","86,755","90,458","95,180","100,406","106,477","115,822","117,975","115,785","113,514","110,357","112,794","117,279","126,729","137,396","132,584","117,718","125,485","119,528","119,977","123,776","126,741","127,710"
Lithuania,,,,,,,,,,,,,,,,,,,,,"6,726","6,341","5,005","4,212","3,823","3,975","4,210","4,595","4,979","4,964","5,196","5,579","6,002","6,687","7,186","7,819","8,494","9,555","9,942","8,595","8,875","9,572","10,117","10,658","11,209","11,560"
Luxembourg,"26,505","27,010","28,551","30,652","31,669","29,354","29,881","30,147","31,192","31,772","31,929","31,689","32,020","32,959","34,951","35,820","39,206","40,489","43,560","47,373","49,360","52,993","53,261","54,743","56,040","56,046","56,317","58,613","61,641","66,140","71,597","74,183","76,258","76,703","79,288","80,762","83,485","88,748","86,118","79,652","82,322","82,026","80,105","81,565","83,610","84,955"
Madagascar,490,497,478,454,447,439,414,411,389,415,407,362,346,340,337,332,329,323,325,328,328,299,293,290,281,277,274,276,278,282,286,294,249,265,271,275,281,290,302,282,275,271,272,270,272,272
Malawi,243,271,290,289,301,309,318,322,338,339,360,313,310,314,315,316,305,284,275,272,275,291,265,294,259,279,301,304,299,294,290,269,269,278,285,287,292,311,325,341,354,360,356,363,372,371
Malaysia,"1,201","1,440","1,537","1,676","1,773","1,745","1,903","2,004","2,089","2,231","2,340","2,441","2,522","2,610","2,738","2,635","2,589","2,650","2,799","2,969","3,147","3,356","3,560","3,813","4,061","4,348","4,662","4,878","4,408","4,568","4,862","4,785","4,943","5,131","5,379","5,564","5,770","6,027","6,209","6,013","6,354","6,584","6,837","7,050","7,365","7,622"
Maldives,674,688,682,669,683,609,595,643,717,770,884,955,893,"1,000","1,224","1,334","1,410","1,483","1,561","1,652","1,864","1,949","2,016","2,085","2,169","2,270","2,417","2,641","2,831","2,994","3,070","3,115","3,234","3,651","4,064","3,672","4,328","4,688","5,191","4,829","5,084","5,428","5,464","5,618","5,850","5,913"
Mali,225,227,236,229,222,243,271,283,274,298,279,286,297,276,272,290,332,319,315,334,335,327,350,352,355,349,364,372,391,402,390,435,455,499,454,485,528,553,586,634,681,712,768,798,836,873
Malta,"3,008","3,080","3,257","3,386","3,715","4,423","5,146","5,734","6,323","6,924","7,340","7,503","7,589","7,456","7,440","7,547","7,757","7,994","8,582","9,194","9,679","10,187","10,566","10,938","11,453","12,073","12,422","12,965","13,520","14,055","14,909","14,917","15,290","15,610","15,603","16,100","16,279","16,795","17,215","16,665","17,147","17,375","17,805","18,549","19,147","20,279"
Marshall Islands,"1,788","1,751","1,689","2,155","2,374","2,279","2,204","2,182","2,229","2,198","1,962","2,002","2,008","2,216","2,196","1,964","2,332","2,433","2,509","2,372","2,359","2,303","2,423","2,534","2,655","2,848","2,536","2,386","2,307","2,246","2,375","2,503","2,570","2,579","2,578","2,647","2,696","2,793","2,736","2,684","2,844","2,874","2,982","3,031","2,993","3,006"
Mauritania,769,752,731,705,743,795,824,797,717,766,750,758,680,677,645,648,667,664,655,661,636,636,632,668,680,644,692,644,643,665,642,635,620,637,654,693,801,802,790,763,779,793,819,845,879,868
Mauritius,"1,273","1,309","1,393","1,534","1,632","1,627","1,955","2,048","2,092","2,132","1,891","1,977","2,063","2,051","2,130","2,258","2,459","2,691","2,854","2,960","3,141","3,232","3,387","3,507","3,604","3,715","3,860","4,042","4,246","4,319","4,635","4,755","4,804","5,054","5,244","5,310","5,542","5,844","6,141","6,303","6,535","6,761","6,950","7,142","7,372","7,602"
Mexico,"4,751","4,793","5,035","5,287","5,438","5,575","5,649","5,688","6,000","6,388","6,756","7,182","6,975","6,532","6,625","6,668","6,286","6,273","6,224","6,355","6,544","6,685","6,790","6,787","6,951","6,401","6,608","6,930","7,154","7,303","7,667","7,559","7,521","7,532","7,750","7,880","8,151","8,283","8,263","7,747","8,026","8,220","8,432","8,434","8,509","8,607"
Micronesia (FS of),"1,303","1,318","1,328","1,779","2,045","2,025","1,993","1,989","2,036","2,010","1,804","1,914","1,802","1,777","1,654","1,873","1,970","1,963","2,034","2,006","2,038","2,105","2,134","2,223","2,206","2,276","2,189","2,056","2,117","2,160","2,265","2,308","2,324","2,368","2,304","2,360","2,369","2,336","2,298","2,337","2,422","2,449","2,407","2,329","2,266","2,340"
Monaco,"73,454","76,604","78,985","82,636","84,811","82,761","85,249","87,207","89,714","91,833","92,053","91,610","92,331","91,930","91,970","92,419","93,902","95,923","100,227","104,322","106,906","107,332","108,179","106,539","108,016","109,274","109,821","111,413","114,368","117,231","120,688","121,975","122,262","122,098","124,073","124,319","129,354","145,193","143,222","124,078","125,081","132,632","133,211","145,513","155,590","163,519"
Mongolia,570,579,582,616,623,645,652,685,717,728,755,798,843,869,897,923,982,989,"1,011","1,028",983,878,786,755,767,809,822,847,870,890,892,909,943,999,"1,093","1,158","1,241","1,351","1,450","1,410","1,476","1,702","1,879","2,060","2,184","2,197"
Montenegro,,,,,,,,,,,,,,,,,,,,,"4,286","3,819","2,914","1,845","1,869","2,135","2,727","2,913","3,057","2,810","3,224","3,261","3,321","3,400","3,544","3,686","3,995","4,412","4,709","4,435","4,536","4,675","4,541","4,696","4,775","4,984"
Montserrat,"4,797","4,908","4,983","5,105","5,284","5,510","5,416","5,322","5,732","6,286","6,846","7,167","7,611","7,244","7,571","8,116","8,436","8,862","9,800","10,210","10,964","10,169","10,102","9,811","10,558","10,082","8,120","7,216","7,058","7,827","8,910","9,771","10,289","10,114","10,202","10,231","10,012","10,249","10,668","10,583","10,220","10,692","11,004","11,486","11,641","11,619"
Morocco,994,"1,012","1,030","1,044","1,079","1,136","1,230","1,275","1,273","1,303","1,326","1,258","1,346","1,307","1,332","1,385","1,465","1,400","1,517","1,526","1,556","1,634","1,540","1,499","1,627","1,497","1,656","1,597","1,698","1,687","1,694","1,804","1,846","1,944","2,018","2,058","2,196","2,232","2,339","2,410","2,471","2,567","2,608","2,693","2,720","2,802"
Mozambique,193,203,208,213,221,220,226,219,215,216,220,217,204,174,176,159,161,169,177,187,186,191,175,182,186,184,226,244,266,279,276,303,320,331,346,366,390,408,424,438,454,473,493,514,537,557
Myanmar,71,72,70,70,70,71,73,75,78,80,84,88,90,92,95,95,92,87,76,77,78,77,83,87,93,98,103,107,111,122,137,150,167,188,212,239,268,298,326,358,392,411,438,470,504,536
Namibia,"3,160","3,227","3,190","3,214","3,343","3,327","3,294","3,221","3,242","3,294","3,439","3,406","3,296","3,139","3,039","2,946","2,989","2,982","2,859","2,798","2,699","2,799","2,933","2,793","2,911","2,942","2,945","2,977","2,987","3,009","3,047","3,030","3,132","3,141","3,468","3,513","3,712","3,857","3,898","3,843","3,999","4,115","4,226","4,361","4,534","4,665"
Nauru,"24,521","24,752","25,001","25,279","25,602","25,978","24,943","23,976","23,058","22,160","21,263","20,368","19,481","18,604","17,737","16,887","16,052","15,246","14,475","13,747","13,066","10,362","8,504","7,005","6,636","6,044","5,294","4,809","4,243","3,968","3,697","3,443","3,094","3,095","2,957","2,599","2,088","2,101","4,122","3,379","4,060","4,629","5,547","6,979","7,816","9,237"
Nepal,183,177,179,174,181,180,184,185,189,189,181,191,194,184,197,204,209,208,219,223,228,236,239,242,255,257,264,272,275,281,293,305,300,308,318,324,332,340,357,369,383,392,406,417,437,444
Netherlands,"20,866","21,538","21,853","22,892","23,647","23,471","24,396","24,676","25,072","25,411","26,078","25,730","25,281","25,677","26,333","26,872","27,470","27,841","28,626","29,702","30,741","31,272","31,576","31,741","32,449","33,237","34,211","35,478","36,881","38,536","39,949","40,567","40,376","40,263","40,863","41,546","42,826","44,243","44,840","43,006","43,462","44,030","43,410","43,173","43,634","44,336"
New Caledonia,"22,043","22,670","22,449","19,088","20,676","21,292","21,196","21,125","22,771","19,347","18,954","17,339","17,468","16,844","16,871","17,343","16,888","17,550","23,207","25,276","25,656","26,330","25,861","25,387","25,434","26,331","25,865","25,819","24,476","25,044","25,179","25,214","25,393","26,167","26,746","27,270","28,377","29,133","28,872","29,120","30,704","31,101","31,165","31,331","31,882","32,496"
New Zealand,"16,994","17,317","17,839","18,847","19,632","19,040","19,057","18,226","18,245","18,607","18,779","19,540","19,575","20,087","20,873","21,047","21,473","20,456","20,729","20,660","20,569","19,948","19,870","20,803","21,532","22,209","22,687","23,152","23,202","24,178","24,450","25,067","25,971","26,749","27,220","27,746","28,104","28,808","28,049","28,300","28,310","28,837","29,417","29,685","30,424","31,127"
Nicaragua,"1,774","1,806","1,807","1,841","2,012","1,994","2,031","2,093","1,886","1,346","1,368","1,401","1,352","1,378","1,322","1,237","1,196","1,161",995,957,936,914,897,874,885,918,958,978,997,"1,050","1,077","1,092","1,086","1,098","1,142","1,175","1,208","1,255","1,274","1,223","1,247","1,309","1,365","1,411","1,459","1,513"
Niger,476,489,452,364,385,364,356,373,411,428,407,398,394,365,296,310,296,283,292,282,271,263,255,249,247,246,250,242,263,256,241,250,253,252,241,250,255,253,267,255,266,262,281,284,292,291
Nigeria,743,829,868,899,971,951,990,"1,040",980,925,918,886,848,772,742,806,800,774,811,846,918,895,896,887,872,869,883,886,888,870,894,910,"1,077","1,157","1,246","1,293","1,335","1,384","1,433","1,492","1,566","1,599","1,623","1,665","1,724","1,724"
Norway,"24,348","25,538","26,706","27,728","28,638","29,892","31,483","32,660","33,802","35,164","36,653","37,124","37,098","38,453","40,648","42,755","44,314","44,906","44,594","44,847","45,489","46,650","48,057","49,148","51,337","53,158","55,498","58,073","59,233","60,069","61,648","62,608","63,195","63,445","65,550","66,760","67,733","68,986","68,452","66,523","66,090","65,886","66,828","66,631","67,058","67,315"
Oman,"4,248","4,148","4,370","3,616","4,445","5,456","6,018","6,715","7,480","7,379","7,401","8,219","8,677","9,287","10,061","11,003","10,785","9,977","10,134","10,060","10,481","10,643","11,036","11,224","11,257","11,519","11,703","12,382","12,733","12,652","13,156","13,686","13,241","12,553","12,387","12,399","12,827","13,189","13,956","14,220","13,984","12,682","12,554","11,890","11,245","11,207"
Pakistan,371,367,362,376,384,386,391,394,412,419,441,456,470,485,493,513,524,540,564,574,583,595,624,619,626,641,656,646,647,655,667,666,673,691,728,768,798,820,817,823,819,824,835,853,875,904
Palau,"7,523","7,466","7,405","7,335","7,280","7,254","7,355","7,497","7,514","7,501","7,430","7,291","7,101","7,044","7,230","7,441","7,686","7,959","8,248","8,533","8,802","8,916","8,846","7,544","7,873","8,503","9,154","9,144","9,124","8,470","8,364","8,372","8,701","8,921","8,607","9,037","9,011","8,775","8,598","7,960","7,403","7,635","7,954","8,047","7,914","8,286"
Panama,"2,319","2,471","2,513","2,576","2,567","2,539","2,514","2,478","2,654","2,705","3,043","3,236","3,284","3,160","3,156","3,244","3,315","3,341","2,939","2,922","3,093","3,315","3,514","3,630","3,658","3,647","3,673","3,832","4,030","4,105","4,135","4,080","4,095","4,190","4,425","4,659","4,968","5,472","5,841","5,833","6,066","6,669","7,164","7,514","7,842","8,165"
Papua New Guinea,"1,324","1,338","1,373","1,363","1,353","1,310","1,236","1,148","1,214","1,203","1,144","1,110","1,089","1,097","1,057","1,067","1,099","1,102","1,107","1,065","1,008","1,078","1,197","1,379","1,425","1,342","1,394","1,272","1,297","1,287","1,223","1,192","1,186","1,207","1,184","1,201","1,199","1,257","1,238","1,283","1,395","1,411","1,436","1,457","1,532","1,600"
Paraguay,738,762,794,833,882,923,966,"1,044","1,133","1,228","1,332","1,408","1,354","1,276","1,278","1,291","1,255","1,273","1,317","1,356","1,361","1,360","1,350","1,372","1,381","1,423","1,397","1,407","1,384","1,336","1,265","1,267","1,430","1,466","1,499","1,507","1,556","1,618","1,697","1,609","1,795","1,848","1,801","2,026","2,094","2,130"
Peru,"2,432","2,476","2,496","2,583","2,752","2,796","2,762","2,699","2,559","2,596","2,681","2,761","2,689","2,353","2,382","2,376","2,541","2,726","2,415","2,072","1,927","1,930","1,881","1,942","2,140","2,259","2,284","2,394","2,349","2,351","2,381","2,364","2,461","2,532","2,625","2,755","2,927","3,138","3,382","3,377","3,612","3,791","3,970","4,150","4,193","4,274"
Philippines,826,846,867,918,924,948,"1,003","1,030","1,054","1,084","1,109","1,116","1,125","1,115","1,005",907,913,928,964,998,"1,003",972,952,949,968,990,"1,024","1,054","1,025","1,034","1,057","1,065","1,080","1,111","1,163","1,197","1,238","1,300","1,334","1,330","1,409","1,438","1,510","1,591","1,664","1,734"
Poland,"3,631","3,870","4,020","4,154","4,413","4,636","4,959","5,263","5,497","5,654","5,263","4,691","4,422","4,622","4,840","4,979","5,159","5,237","5,436","5,430","4,784","4,436","4,536","4,695","4,934","5,272","5,590","5,954","6,234","6,529","6,832","6,921","7,065","7,317","7,692","7,959","8,447","9,037","9,414","9,673","10,016","10,513","10,678","10,824","11,179","11,622"
Portugal,"7,496","7,949","8,500","9,327","9,298","8,767","9,242","9,629","9,776","10,214","10,586","10,682","10,856","10,803","10,581","10,870","11,325","12,063","12,987","13,837","14,379","14,978","15,090","14,717","14,790","15,355","15,826","16,462","17,186","17,785","18,385","18,666","18,735","18,487","18,750","18,826","19,052","19,464","19,453","18,851","19,219","18,914","18,228","18,117","18,380","18,768"
Puerto Rico,"8,809","9,247","9,782","10,199","10,032","9,611","9,942","10,407","10,903","11,381","11,384","11,354","10,878","10,811","11,487","11,612","12,450","12,951","13,682","14,237","14,643","14,838","15,362","15,918","16,426","17,023","17,278","17,990","18,869","19,795","20,388","21,661","21,887","21,953","22,691","22,311","22,064","21,872","21,529","21,163","21,126","21,094","21,136","21,100","20,828","20,837"
Qatar,"71,147","71,759","72,904","74,098","72,630","71,874","73,650","65,046","67,253","66,209","60,125","54,714","45,588","40,121","38,051","34,255","33,614","31,643","31,864","32,542","32,705","31,589","34,841","34,208","34,479","34,895","35,649","44,914","48,095","48,219","50,088","50,322","52,180","51,385","55,910","52,571","56,162","55,556","55,485","54,226","57,047","59,741","59,122","59,213","59,563","59,932"
Republic of Korea,"1,869","2,022","2,122","2,388","2,563","2,715","3,021","3,341","3,647","3,905","3,781","3,989","4,249","4,735","5,148","5,467","5,998","6,660","7,365","7,797","8,477","9,271","9,765","10,357","11,231","12,221","13,057","13,733","12,892","14,254","15,426","16,024","17,113","17,513","18,263","18,866","19,720","20,667","21,118","21,138","22,381","23,080","23,489","24,054","24,745","25,280"
Republic of Moldova,,,,,,,,,,,,,,,,,,,,,"1,398","1,151",816,808,560,554,525,537,506,492,505,538,581,621,667,719,756,781,846,798,857,917,911,997,"1,045","1,038"
Romania,"1,583","1,768","1,935","2,114","2,350","2,567","2,824","3,034","3,226","3,403","3,524","3,508","3,630","3,835","4,049","4,029","4,105","4,120","4,083","3,836","3,618","3,155","2,889","2,948","3,082","3,324","3,477","3,334","3,290","3,302","3,406","3,620","3,830","4,066","4,435","4,657","5,080","5,487","6,020","5,658","5,671","5,784","5,870","6,123","6,358","6,638"
Russian Federation,,,,,,,,,,,,,,,,,,,,,"5,721","5,417","4,623","4,217","3,682","3,534","3,412","3,466","3,289","3,509","3,876","4,089","4,302","4,635","4,986","5,320","5,765","6,264","6,595","6,079","6,351","6,620","6,849","6,933","6,979","6,717"
Rwanda,222,218,212,213,208,198,229,233,248,262,276,281,277,284,263,264,263,250,241,233,227,225,252,246,132,179,199,213,215,213,218,228,252,253,267,287,305,320,346,358,374,393,417,427,446,466
Saint Kitts and Nevis,"2,208","2,370","2,494","2,595","2,737","2,812","2,994","3,195","3,353","3,625","3,947","4,013","4,052","4,124","4,506","4,926","5,490","5,887","6,495","6,894","7,234","7,049","7,288","7,710","8,018","8,376","8,766","9,265","9,098","9,292","10,149","10,548","10,654","10,108","10,312","11,054","11,101","10,939","11,484","11,003","10,625","10,747","10,553","11,075","11,598","11,899"
Saint Lucia,"2,055","2,134","2,167","2,178","2,279","2,352","2,756","2,968","3,143","3,181","2,959","2,993","3,042","3,170","3,341","3,536","4,060","4,093","4,589","4,839","4,902","4,861","5,150","5,105","5,134","5,129","5,419","5,328","5,590","5,644","5,556","5,293","5,240","5,440","5,821","5,656","6,086","5,922","6,037","5,990","5,854","5,865","5,720","5,651","5,630","5,697"
Samoa,"1,416","1,582","1,586","1,684","1,491","1,423","1,546","1,525","1,612","1,817","1,698","1,536","1,511","1,508","1,519","1,571","1,651","1,655","1,627","1,681","1,598","1,550","1,533","1,580","1,526","1,605","1,714","1,729","1,760","1,807","1,925","2,069","2,122","2,228","2,312","2,414","2,412","2,545","2,496","2,378","2,463","2,532","2,455","2,449","2,476","2,527"
San Marino,"28,445","28,717","29,628","31,624","33,196","32,227","34,093","34,415","34,907","36,349","37,003","36,793","36,477","36,473","37,228","37,843","38,500","39,302","40,506","41,389","41,676","41,727","41,446","44,382","46,777","50,420","52,212","54,208","57,649","62,181","62,790","65,473","64,773","66,413","68,584","69,333","71,212","72,944","73,445","63,485","60,023","53,907","49,479","47,647","46,875","47,066"
Sao Tome and Principe,752,774,776,774,801,824,815,977,975,"1,103","1,065",936,947,896,829,891,825,787,788,797,765,758,748,741,742,742,740,735,741,746,736,743,741,775,787,824,879,888,940,944,985,"1,006","1,017","1,046","1,094","1,113"
Saudi Arabia,"15,750","18,172","21,338","25,247","27,895","24,094","26,880","27,225","24,365","25,696","25,533","24,442","18,186","14,354","12,916","11,052","12,328","11,018","11,975","11,483","12,783","14,241","14,377","13,790","13,503","13,187","13,200","13,024","13,076","12,267","12,614","12,113","11,428","12,338","12,933","13,274","13,282","13,183","13,661","13,055","13,345","14,318","14,727","14,767","14,965","15,146"
Senegal,756,732,755,692,700,731,776,736,673,720,678,652,731,725,676,681,690,696,709,677,682,659,653,620,619,631,647,651,673,699,703,717,703,730,752,773,771,787,794,790,799,789,799,801,810,836
Serbia,,,,,,,,,,,,,,,,,,,,,"4,003","3,505","2,493","1,717","1,750","1,846","1,897","2,049","2,122","2,391","2,584","2,718","2,913","3,049","3,333","3,528","3,716","3,951","4,180","4,066","4,107","4,197","4,175","4,304","4,246","4,298"
Seychelles,"3,798","4,290","4,443","4,719","4,657","4,685","5,317","5,641","5,999","6,762","6,439","5,921","5,757","5,599","5,999","6,580","6,646","6,937","7,308","8,042","8,583","8,711","9,185","9,568","9,317","9,113","9,167","10,443","11,507","11,604","11,435","10,994","10,924","10,034","9,652","10,357","11,186","12,223","11,857","11,634","12,230","12,788","13,158","13,721","14,473","15,366"
Sierra Leone,498,492,487,494,502,491,478,471,479,492,495,503,501,490,499,498,490,494,492,497,508,466,423,427,446,403,304,250,245,221,223,254,307,319,324,325,328,345,355,358,369,383,432,510,521,407
Singapore,"4,858","5,344","5,955","6,499","6,805","7,013","7,439","7,905","8,496","9,175","9,931","10,775","11,285","11,951","12,690","12,316","12,217","13,263","14,444","15,571","16,722","17,359","18,048","19,529","21,037","21,911","22,985","24,324","23,259","24,114","25,619","24,713","25,051","25,433","27,093","28,343","30,058","31,978","31,765","30,840","34,743","36,106","36,662","37,627","38,137","38,228"
Sint Maarten (Dutch part),,,,,,,,,,,,,,,,,,,,,,,,,,,,,,,,,,,,"21,764","22,820","23,803","24,103","23,904","23,800","23,265","22,809","22,275","21,897","21,411"
Slovakia,,,,,,,,,,,,,,,,,,,,,"6,668","5,676","5,283","5,365","5,682","6,000","6,395","6,775","7,041","7,024","7,107","7,342","7,676","8,093","8,519","9,093","9,856","10,913","11,517","10,881","11,420","11,732","11,917","12,086","12,389","12,855"
Slovenia,,,,,,,,,,,,,,,,,,,,,"12,685","11,548","10,930","11,267","11,898","12,413","12,865","13,529","13,973","14,708","15,318","15,772","16,381","16,843","17,553","18,204","19,147","20,355","20,891","19,147","19,293","19,356","18,800","18,579","19,148","19,578"
Solomon Islands,711,720,711,746,864,760,833,898,950,"1,118","1,012","1,044",999,898,933,930,897,892,914,950,986,983,"1,064","1,052","1,105","1,182","1,168","1,116","1,120","1,073",896,803,760,789,831,915,929,"1,058","1,073","1,051","1,138","1,185","1,191","1,202","1,201","1,216"
Somalia,485,490,561,488,476,513,458,467,444,387,373,386,395,354,370,409,399,435,427,422,413,409,361,363,286,283,288,272,270,269,268,268,269,272,272,273,273,273,273,274,274,275,276,276,280,280
South Africa,"4,897","4,973","4,921","5,010","5,176","5,129","5,114","4,986","5,013","5,077","5,279","5,422","5,263","5,035","5,161","4,978","4,868","4,865","4,964","4,974","4,847","4,683","4,470","4,414","4,451","4,494","4,600","4,644","4,597","4,636","4,757","4,814","4,916","4,986","5,137","5,331","5,552","5,772","5,878","5,715","5,817","5,937","5,999","6,073","6,108","6,126"
South Sudan,,,,,,,,,,,,,,,,,,,,,,,,,,,,,,,,,,,,,,,"1,070","1,076","1,086",991,511,621,694,683
Spain,"11,504","11,904","12,728","13,561","14,160","14,078","14,386","14,639","14,705","14,577","14,778","14,653","14,743","14,925","15,124","15,416","15,869","16,707","17,522","18,331","18,984","19,421","19,546","19,285","19,684","20,164","20,644","21,343","22,176","23,032","24,038","24,708","25,064","25,461","25,846","26,388","27,068","27,671","27,609","26,347","26,177","25,856","25,137","24,805","25,253","26,141"
Sri Lanka,477,470,475,483,492,500,509,520,555,579,604,628,651,672,696,721,741,742,752,757,794,822,848,898,939,983,"1,013","1,072","1,118","1,159","1,221","1,196","1,235","1,297","1,357","1,430","1,529","1,621","1,706","1,755","1,884","2,031","2,205","2,269","2,368","2,470"
St. Vincent and the Grenadines,"1,742","1,774","2,208","1,941","1,750","1,599","1,746","1,777","1,931","1,978","2,007","2,082","2,158","2,188","2,315","2,440","2,559","2,554","2,896","2,921","3,030","3,056","3,245","3,380","3,337","3,597","3,644","3,775","3,932","4,040","4,106","4,173","4,430","4,761","4,950","5,064","5,446","5,570","5,703","5,579","5,389","5,365","5,440","5,540","5,602","5,686"
State of Palestine,555,621,704,651,764,746,835,805,886,850,949,864,911,850,865,832,961,905,861,848,970,891,"1,058","1,119","1,240","1,270","1,227","1,343","1,470","1,531","1,355","1,197","1,025","1,148","1,243","1,350","1,268","1,318","1,362","1,441","1,516","1,658","1,714","1,705","1,655","1,666"
Sudan,,,,,,,,,,,,,,,,,,,,,,,,,,,,,,,,,,,,,,,889,951,994,970,928,957,952,977
Sudan (Former),549,545,502,490,529,593,670,688,626,575,565,586,578,531,482,493,547,532,564,520,543,562,569,557,571,587,604,622,655,664,700,753,776,810,828,878,909,934,927,979,"1,016",,,,,
Suriname,"2,989","3,169","3,328","3,486","3,266","3,618","3,959","4,371","4,604","4,325","3,948","4,221","4,037","3,865","3,768","4,249","4,115","3,744","3,986","4,080","3,842","3,873","3,819","3,503","3,560","3,500","3,476","3,612","3,637","3,537","3,571","3,694","3,781","4,007","4,313","4,457","4,677","4,866","5,011","5,103","5,308","5,562","5,657","5,769","5,739","5,534"
Swaziland,989,998,"1,092","1,096","1,267","1,636","1,795","1,757","1,726","1,710","1,698","1,762","1,737","1,678","1,664","1,636","1,862","1,962","2,021","2,125","2,256","2,232","2,252","2,276","2,286","2,349","2,387","2,406","2,416","2,441","2,448","2,469","2,532","2,633","2,698","2,813","2,919","2,993","3,074","3,100","3,105","3,113","3,170","3,264","3,305","3,313"
Sweden,"22,789","22,887","23,320","24,171","24,875","25,437","25,625","25,132","25,491","26,398","26,795","26,888","27,212","27,720","28,866","29,430","30,124","31,002","31,632","32,284","32,327","31,743","31,154","30,302","31,357","32,478","32,887","33,804","35,224","36,810","38,515","39,045","39,751","40,558","42,125","43,083","44,819","46,011","45,392","42,682","44,858","45,664","45,146","45,323","46,124","47,635"
Switzerland,"38,603","39,838","40,795","41,764","42,174","39,009","38,468","39,491","39,776","40,864","42,764","43,365","42,625","42,659","43,672","45,000","45,570","46,025","47,242","48,939","50,314","49,365","48,806","48,206","48,330","48,167","48,164","49,066","50,345","51,005","52,805","53,306","53,079","52,757","53,848","55,009","56,668","58,391","59,046","57,111","58,098","58,435","58,335","58,671","59,167","59,038"
Syrian Arab Republic,695,739,892,789,946,"1,093","1,173","1,120","1,178","1,180","1,276","1,349","1,330","1,302","1,206","1,237","1,138","1,124","1,234",994,"1,009","1,058","1,167","1,193","1,245","1,296","1,384","1,414","1,469","1,381","1,358","1,381","1,463","1,445","1,513","1,566","1,593","1,623","1,639","1,696","1,741","1,649","1,313","1,021","1,055","1,014"
Tajikistan,,,,,,,,,,,,,,,,,,,,,723,657,457,376,291,252,207,208,216,221,235,254,276,301,325,340,355,374,393,400,417,418,439,461,481,490
TFYR of Macedonia,,,,,,,,,,,,,,,,,,,,,"2,880","2,801","2,588","2,572","2,536","2,511","2,534","2,556","2,623","2,716","2,822","2,722","2,753","2,807","2,932","3,064","3,214","3,415","3,595","3,576","3,690","3,770","3,747","3,850","3,984","4,131"
Thailand,616,628,635,678,689,704,752,807,871,898,922,957,989,"1,025","1,065","1,094","1,134","1,219","1,357","1,499","1,643","1,761","1,906","2,055","2,202","2,359","2,467","2,373","2,166","2,239","2,313","2,364","2,487","2,638","2,778","2,874","3,003","3,158","3,207","3,179","3,410","3,428","3,662","3,745","3,760","3,853"
Timor-Leste,,,,,,,,,,,,,,,,,,,,,520,557,594,632,677,729,805,843,834,541,610,635,587,562,"1,259","1,869","2,945","2,896","3,215","2,970","2,888","3,134","3,124","2,657","1,873","1,908"
Togo,579,600,604,565,576,559,545,562,605,625,580,526,489,447,456,456,456,430,460,465,479,468,441,361,401,418,439,444,423,423,408,392,377,385,384,378,382,380,378,381,385,393,405,415,428,440
Tonga,"1,023","1,033","1,047","1,060","1,081","1,099","1,096","1,136","1,144","1,153","1,326","1,504","1,721","1,820","1,850","1,969","2,007","2,061","2,016","2,019","1,973","2,017","2,079","2,067","2,166","2,248","2,241","2,215","2,271","2,358","2,419","2,482","2,556","2,593","2,569","2,593","2,556","2,433","2,493","2,535","2,613","2,674","2,688","2,595","2,636","2,720"
Trinidad and Tobago,"5,655","5,652","5,902","5,915","6,051","6,052","6,352","6,836","7,419","7,579","8,240","8,483","8,664","7,647","7,101","6,720","6,427","6,077","5,792","5,703","5,749","5,865","5,733","5,619","5,791","5,998","6,403","6,883","7,434","8,012","8,544","8,870","9,532","10,856","11,660","12,323","13,922","14,498","14,761","14,617","14,576","14,460","14,573","14,829","14,611","14,576"
Tunisia,"1,128","1,214","1,398","1,359","1,436","1,504","1,587","1,604","1,668","1,734","1,815","1,863","1,802","1,833","1,885","1,939","1,852","1,897","1,884","1,906","1,995","2,028","2,139","2,141","2,166","2,179","2,299","2,391","2,479","2,600","2,685","2,790","2,815","2,946","3,098","3,194","3,344","3,518","3,636","3,709","3,777","3,663","3,763","3,812","3,854","3,842"
Turkey,"3,133","3,230","3,387","3,414","3,520","3,685","3,977","4,021","3,990","3,877","3,696","3,787","3,831","3,930","4,101","4,184","4,388","4,712","4,723","4,651","4,995","4,957","5,169","5,496","5,115","5,397","5,685","6,018","6,108","5,812","6,113","5,680","5,943","6,167","6,653","7,117","7,514","7,774","7,733","7,265","7,815","8,361","8,387","8,581","8,683","8,898"
Turkmenistan,,,,,,,,,,,,,,,,,,,,,"3,836","3,558","2,940","2,902","2,339","2,123","2,223","1,938","2,048","2,357","2,457","2,535","2,515","2,571","2,671","2,987","3,277","3,597","4,077","4,272","4,607","5,217","5,722","6,224","6,779","7,130"
Turks and Caicos Islands,"3,670","3,977","4,272","4,566","4,882","5,237","5,643","6,096","6,581","7,077","7,558","8,012","8,444","8,883","9,375","9,933","10,574","11,281","12,061","12,875","13,569","14,163","14,637","15,404","16,451","16,808","17,677","18,349","19,647","20,466","20,320","20,340","19,106","19,398","20,217","21,877","24,679","25,164","26,466","20,753","20,453","20,903","19,932","19,784","20,307","20,775"
Tuvalu,"1,255","1,221","1,185","1,150","1,119","1,092","1,074","1,025",998,984,967,979,810,869,920,891,"1,081","1,203","1,424","1,387","1,590","1,638","1,675","1,736","1,906","1,803","1,688","1,777","2,119","2,099","2,368","2,495","2,509","2,412","2,362","2,259","2,292","2,430","2,617","2,496","2,423","2,623","2,624","2,654","2,708","2,796"
U.R. of Tanzania: Mainland,346,349,361,360,357,366,378,368,361,361,361,348,339,321,321,326,322,328,331,334,347,355,356,358,358,360,365,365,371,380,389,401,419,435,456,476,484,508,520,531,547,572,582,605,626,650
Uganda,336,335,326,318,310,297,289,284,265,225,211,213,222,229,212,205,201,206,215,222,228,232,235,244,262,278,286,293,311,322,326,344,356,366,374,398,412,430,459,475,497,509,509,516,523,534
Ukraine,,,,,,,,,,,,,,,,,,,,,"2,780","2,538","2,288","1,966","1,520","1,342","1,215","1,188","1,175","1,184","1,265","1,390","1,477","1,631","1,837","1,907","2,064","2,246","2,308","1,967","2,055","2,175","2,186","2,195","2,058","1,863"
United Arab Emirates,"89,244","87,431","85,000","82,388","79,904","72,208","70,946","71,700","61,171","68,164","78,590","75,180","65,085","58,782","58,348","53,996","41,305","41,335","37,971","40,636","45,225","43,189","42,294","40,637","41,955","43,241","43,595","45,040","43,454","42,994","45,621","43,838","42,574","43,360","43,324","40,299","38,363","34,060","30,613","25,977","24,424","24,503","25,531","26,480","27,157","27,959"
United Kingdom,"18,818","19,412","20,194","21,467","20,905","20,573","21,162","21,678","22,588","23,433","22,955","22,772","23,223","24,189","24,715","25,715","26,477","27,832","29,365","30,041","30,174","29,756","29,782","30,446","31,541","32,238","32,960","33,883","34,848","35,869","37,080","37,954","38,719","39,895","40,700","41,656","42,390","43,116","42,472","40,286","40,734","41,055","41,326","41,865","42,898","43,591"
United States,"20,716","21,208","22,127","23,172","22,849","22,600","23,598","24,454","25,567","26,127","25,816","26,237","25,495","26,427","28,079","28,991","29,720","30,449","31,417","32,251","32,544","32,199","33,016","33,581","34,568","35,150","36,050","37,198","38,365","39,678","40,839","40,820","41,163","41,950","43,164","44,215","44,980","45,356","44,806","43,171","43,886","44,230","44,868","45,284","46,022","46,876"
Uruguay,"3,193","3,187","3,134","3,145","3,242","3,424","3,547","3,569","3,732","3,934","4,142","4,193","3,775","3,531","3,470","3,499","3,784","4,059","4,034","4,059","4,069","4,168","4,515","4,599","4,898","4,792","5,022","5,233","5,434","5,301","5,180","4,972","4,587","4,627","4,861","5,221","5,426","5,766","6,159","6,398","6,873","7,204","7,435","7,754","7,978","8,028"
USSR (Former),"1,936","2,017","2,055","2,193","2,277","2,316","2,438","2,542","2,650","2,715","2,824","2,948","3,145","3,262","3,364","3,380","3,401","3,441","3,589","3,805","4,101",,,,,,,,,,,,,,,,,,,,,,,,,
Uzbekistan,,,,,,,,,,,,,,,,,,,,,545,530,461,441,410,399,399,413,424,437,448,463,477,493,525,555,589,636,687,732,783,835,890,946,"1,008","1,061"
Vanuatu,989,984,980,"1,111","1,447","1,338","1,323","1,271","1,450","1,464","1,262","1,282","1,385","1,786","1,865","1,843","1,765","1,732","1,702","1,717","1,753","1,911","1,843","1,871","1,867","1,907","1,916","1,925","1,932","1,913","1,972","1,888","1,812","1,813","1,837","1,886","1,996","2,048","2,128","2,147","2,131","2,107","2,096","2,089","2,090","2,024"
Venezuela (Bolivarian Republic of),"5,647","5,649","5,668","5,855","6,040","6,230","6,590","6,840","6,795","6,698","6,389","6,200","6,079","5,589","5,371","5,243","5,441","5,492","5,666","5,054","5,252","5,630","5,837","5,725","5,471","5,569","5,445","5,677","5,583","5,150","5,240","5,318","4,760","4,313","5,013","5,436","5,873","6,284","6,510","6,204","6,020","6,179","6,434","6,429","6,095","5,639"
Viet Nam,180,182,182,175,175,177,192,213,212,221,209,216,228,239,253,261,264,265,272,278,286,297,316,335,358,385,415,442,462,478,505,534,567,603,642,684,726,770,806,841,886,931,969,"1,010","1,058","1,116"
Yemen,,,,,,,,,,,,,,,,,,,,553,631,602,599,592,577,645,749,764,777,790,826,851,869,893,909,929,945,950,961,973,"1,000",850,844,809,714,501
Yemen Arab Republic (Former),383,404,452,469,512,556,578,623,638,645,657,652,689,684,673,684,695,705,709,715,719,,,,,,,,,,,,,,,,,,,,,,,,,
Yemen Democratic (Former),452,390,377,313,299,273,337,392,443,441,492,515,577,582,596,560,475,475,480,518,501,,,,,,,,,,,,,,,,,,,,,,,,,
Yugoslavia (Former),"3,615","3,914","3,955","4,029","4,587","4,565","4,762","5,124","5,540","5,760","5,842","5,874","5,855","5,728","5,769","5,784","5,980","6,054","5,912","5,979","5,276",,,,,,,,,,,,,,,,,,,,,,,,,
Zambia,"1,003",990,"1,051",999,997,956,949,888,850,788,791,758,751,747,719,695,692,689,682,669,655,626,600,625,556,558,577,583,565,576,583,598,609,635,663,692,726,765,801,849,909,931,972,991,"1,009","1,007"
Zanzibar,,,,,,,,,,,,,,,,,,,,,254,261,270,279,283,284,320,434,324,339,340,361,377,387,401,408,405,430,434,446,449,475,501,506,543,547
Zimbabwe,701,737,772,769,762,743,714,648,614,616,657,712,703,686,647,665,655,639,664,677,703,723,656,656,681,670,723,722,716,682,620,614,573,527,504,479,457,436,409,626,685,752,813,831,843,833