Per Capita GDP at current prices in US Dollars (all countries),,,,,,,,,,,,,,,,,,,,,,,,,,,,,,,,,,,,,,,,,,,,,,
,,,,,,,,,,,,,,,,,,,,,,,,,,,,,,,,,,,,,,,,,,,,,,
Country,1970,1971,1972,1973,1974,1975,1976,1977,1978,1979,1980,1981,1982,1983,1984,1985,1986,1987,1988,1989,1990,1991,1992,1993,1994,1995,1996,1997,1998,1999,2000,2001,2002,2003,2004,2005,2006,2007,2008,2009,2010,2011,2012,2013,2014,2015
Afghanistan,157,160,136,144,175,188,199,226,250,278,276,268,271,277,282,286,290,255,234,288,300,261,253,180,133,193,179,167,157,143,179,176,199,219,238,271,298,401,406,462,575,665,718,704,668,623
Albania,"1,053","1,058","1,064","1,070","1,076","1,082","1,090","1,096","1,105",903,799,810,818,811,784,783,788,762,770,904,654,488,468,533,599,770,"1,035",719,823,"1,034","1,117","1,257","1,395","1,784","2,312","2,612","2,916","3,546","4,340","4,111","4,110","4,467","4,277","4,433","4,595","3,984"
Algeria,354,359,467,584,816,931,"1,033","1,187","1,448","1,770","2,185","2,219","2,192","2,294","2,413","2,564","2,707","2,690","2,385","2,191","2,383","1,754","1,807","1,830","1,493","1,452","1,592","1,608","1,585","1,577","1,753","1,743","1,776","2,095","2,600","3,102","3,468","3,940","4,912","3,876","4,473","5,447","5,584","5,494","5,496","4,154"
Andorra,"4,097","4,426","5,336","6,761","7,998","9,070","9,049","9,808","11,549","14,956","15,662","13,124","12,161","10,152","9,780","9,838","13,112","15,962","18,101","19,191","23,885","24,713","25,992","20,889","20,532","23,358","24,090","23,289","24,003","24,451","21,933","22,088","24,395","32,074","37,476","40,084","42,497","47,324","46,808","42,824","39,748","41,813","39,899","43,237","46,034","39,896"
Angola,604,623,623,743,813,584,545,579,628,677,871,788,760,764,783,935,853,957,"1,008","1,143","1,228","1,411","1,569","1,100","1,096",509,650,741,607,563,811,768,949,"1,067","1,362","2,064","2,825","3,402","4,462","3,430","3,949","5,095","5,645","5,830","6,014","4,714"
Anguilla,610,711,833,935,"1,023","1,112","1,060","1,179","1,356","1,564","1,810","2,103","2,451","2,850","3,301","4,040","5,094","6,076","7,226","8,552","9,071","8,966","9,405","9,940","10,773","10,578","10,886","11,904","13,147","13,643","13,545","13,624","13,465","14,121","16,300","18,130","22,031","27,028","26,511","20,817","19,460","20,953","19,820","19,720","21,531","21,880"
Antigua and Barbuda,518,620,839,"1,153","1,217","1,233","1,017","1,151","1,298","1,597","1,912","2,181","2,444","2,756","3,170","3,723","4,496","5,311","6,374","7,081","7,422","7,718","7,871","8,250","8,857","8,446","9,022","9,423","9,809","10,076","10,630","10,079","10,118","10,509","11,181","12,293","13,766","15,432","15,931","14,110","13,159","12,953","13,653","13,290","14,019","14,764"
Argentina,"1,418","1,668","1,530","1,645","1,858","1,985","2,061","2,294","2,341","2,672","2,912","2,965","3,002","3,198","3,325","3,144","3,718","3,764","4,325","2,574","4,680","6,194","7,367","7,522","8,081","7,993","8,330","8,861","8,944","8,388","8,315","7,775","2,919","3,666","4,285","5,145","5,951","7,282","9,094","8,282","10,402","12,800","13,887","14,474","13,279","14,565"
Armenia,,,,,,,,,,,,,,,,,,,,,650,599,363,347,383,426,537,557,648,636,663,738,832,986,"1,260","1,733","2,268","3,286","4,180","3,109","3,332","3,644","3,566","3,717","3,862","3,489"
Aruba,"2,990","3,130","3,274","3,427","3,592","3,776","3,981","4,209","4,452","4,700","4,941","5,163","5,370","5,578","5,817","6,107","6,473","7,886","9,765","11,392","12,308","13,496","14,047","14,938","17,342","16,441","16,586","17,927","19,082","19,356","20,620","20,672","20,434","20,835","22,567","23,303","24,046","25,836","27,089","24,640","23,529","25,013","24,754","25,083","25,616","26,005"
Australia,"3,496","3,829","4,435","6,318","7,435","7,835","8,346","8,178","9,438","10,331","11,770","13,537","12,696","12,546","13,258","11,506","11,903","13,907","17,325","18,964","18,940","19,015","18,591","17,888","20,205","21,634","23,777","23,600","20,826","22,547","21,398","20,181","22,293","28,305","33,925","37,574","39,706","46,990","49,395","46,457","58,350","68,228","68,890","65,738","61,437","51,352"
Austria,"2,042","2,362","2,906","3,875","4,608","5,239","5,616","6,743","8,127","9,698","10,775","9,334","9,369","9,479","8,932","9,107","12,982","16,249","17,404","17,313","21,549","22,356","24,906","24,117","25,606","30,162","29,590","26,489","27,131","26,979","24,398","24,379","26,246","31,968","36,585","38,208","40,425","46,552","51,327","47,549","46,498","50,933","48,188","50,460","51,471","44,118"
Azerbaijan,,,,,,,,,,,,,,,,,,,,,905,914,712,552,446,396,405,500,557,569,650,696,753,869,"1,025","1,547","2,422","3,771","5,508","4,932","5,814","7,147","7,443","7,808","7,813","5,439"
Bahamas,"3,356","3,480","3,506","3,901","4,087","4,723","5,036","5,894","6,628","7,666","7,504","8,417","8,291","7,959","8,445","9,614","10,586","11,550","12,667","14,214","14,436","13,927","13,656","13,328","13,806","14,309","16,035","17,127","18,998","20,506","21,241","21,497","22,505","22,008","21,996","23,406","23,721","24,306","23,657","22,043","21,921","21,515","22,555","22,554","22,497","22,817"
Bahrain,"1,980","2,061","2,507","3,420","4,455","4,442","6,005","7,070","7,569","8,517","10,459","11,358","11,575","11,545","11,753","10,669","8,629","8,464","8,970","9,308","9,899","10,198","10,392","11,101","11,673","12,039","12,174","12,237","11,322","11,831","13,591","12,917","13,226","14,542","16,275","18,418","19,669","21,168","23,043","19,167","20,386","22,034","23,058","24,114","24,515","22,600"
Bangladesh,95,84,92,99,116,119,130,133,166,186,206,203,180,179,204,206,212,234,246,261,265,277,277,279,291,320,329,333,338,348,346,340,346,373,397,403,483,545,618,681,755,805,830,977,"1,088","1,208"
Barbados,904,"1,011","1,150","1,394","1,656","1,935","2,088","2,362","2,631","3,175","4,058","4,451","4,637","4,910","5,337","5,569","6,096","6,690","7,090","7,813","7,815","7,725","7,441","7,821","8,194","8,585","9,120","9,604","10,788","11,264","11,568","11,514","11,675","12,028","12,869","14,223","15,646","16,462","16,570","16,523","15,906","15,534","15,385","15,473","15,360","15,429"
Belarus,,,,,,,,,,,,,,,,,,,,,"1,845","1,878","1,737","1,647","1,489","1,364","1,432","1,397","1,514","1,213","1,047","1,249","1,485","1,827","2,387","3,134","3,853","4,738","6,377","5,177","5,818","6,296","6,703","7,697","8,011","5,751"
Belgium,"2,778","3,093","3,850","4,931","5,777","6,759","7,305","8,492","10,360","11,881","12,938","10,672","9,378","8,873","8,477","8,766","12,183","15,146","16,429","16,589","20,688","21,140","23,487","22,386","24,304","28,496","27,624","24,977","25,507","25,416","23,169","23,066","24,977","30,595","35,349","36,676","38,543","44,073","48,116","44,638","44,241","47,887","44,937","46,632","47,367","40,278"
Belize,206,256,327,523,686,784,609,772,870,999,"1,351","1,307","1,183","1,213","1,315","1,269","1,344","1,586","1,759","1,979","2,162","2,264","2,408","2,684","2,738","2,834","3,001","2,953","2,991","3,064","3,364","3,419","3,557","3,680","3,832","3,933","4,187","4,325","4,470","4,259","4,344","4,517","4,674","4,719","4,884","4,789"
Benin,111,115,138,166,174,207,215,229,271,321,399,367,348,293,273,263,327,371,373,336,398,390,425,414,281,392,413,385,405,399,370,374,412,509,571,587,609,686,795,768,733,799,808,883,903,779
Bermuda,"5,079","5,692","6,280","7,116","8,174","8,942","9,932","10,701","11,495","13,275","15,835","17,204","19,066","21,094","22,058","24,239","26,731","29,060","30,839","32,481","33,398","34,483","34,861","36,918","38,194","40,782","43,087","46,362","49,290","52,141","54,349","57,221","60,935","64,532","68,934","74,753","82,507","90,881","95,607","92,354","91,555","88,401","88,389","89,843","90,600","94,400"
Bhutan,212,220,224,243,276,249,244,261,243,263,312,341,350,384,368,367,421,490,512,480,511,436,444,426,508,568,597,684,675,733,778,820,897,"1,009","1,108","1,258","1,346","1,755","1,811","1,787","2,201","2,486","2,452","2,383","2,561","2,677"
Bolivia (Plurinational State of),224,238,272,260,428,479,537,528,565,599,630,680,676,657,663,664,647,667,697,701,710,764,791,788,806,887,958,"1,007","1,059","1,013","1,007",958,914,917,978,"1,046","1,234","1,390","1,737","1,777","1,981","2,378","2,645","2,948","3,124","3,077"
Bosnia and Herzegovina,,,,,,,,,,,,,,,,,,,,,"1,713","1,378","1,101",877,706,524,742,"1,027","1,149","1,270","1,501","1,565","1,811","2,283","2,722","2,928","3,352","4,108","4,975","4,586","4,475","4,861","4,495","4,748","4,852","4,265"
Botswana,96,123,155,221,297,333,348,431,494,620,856,943,798,837,847,708,916,"1,223","1,375","2,254","2,697","2,723","2,786","2,721","2,767","3,001","3,008","3,050","2,855","3,210","3,333","3,115","3,044","4,149","4,879","5,328","5,342","5,667","5,562","5,177","6,246","7,426","6,886","6,800","7,150","6,361"
Brazil,367,400,502,694,868,996,"1,150","1,307","1,449","1,559","1,564","1,803","1,865","1,301","1,310","1,370","1,613","1,735","1,902","2,540","2,706","2,476","2,334","2,579","3,622","4,781","5,140","5,250","5,007","3,431","3,711","3,143","2,828","3,044","3,596","4,731","5,808","7,247","8,707","8,475","11,121","13,039","12,158","12,072","11,729","8,528"
British Virgin Islands,"2,023","1,717","1,765","1,971","2,330","2,537","2,747","2,827","3,263","4,023","4,923","5,234","5,951","6,444","6,780","6,754","7,021","7,993","8,591","9,826","8,894","8,099","10,151","13,342","17,001","21,547","23,840","27,089","30,467","33,340","36,380","38,412","36,507","32,364","33,100","37,550","39,401","40,873","38,744","33,119","32,840","32,824","31,895","31,509","30,501","30,144"
Brunei Darussalam,"1,734","1,828","2,398","3,674","8,734","9,125","10,684","12,520","13,521","18,853","32,066","27,539","26,118","22,893","21,904","19,841","11,762","13,136","12,150","13,247","15,181","15,513","17,048","16,264","15,757","17,780","18,741","18,590","14,162","15,739","20,117","18,412","18,856","20,786","24,523","29,184","34,524","36,241","41,884","30,723","34,851","46,377","46,974","43,971","41,022","30,553"
Bulgaria,"1,059","1,041","1,211","1,435","1,553","1,364","1,441","1,469","1,586","1,064","1,223","1,399","1,516","1,626","1,737","1,840","1,957","2,131","2,454","2,477","2,350",961,"1,095","1,395","1,265","1,727","1,222","1,365","1,799","1,674","1,643","1,782","2,079","2,700","3,370","3,882","4,499","5,915","7,276","6,941","6,742","7,743","7,335","7,670","7,876","6,847"
Burkina Faso,80,80,101,114,124,145,136,161,203,267,283,256,230,205,178,203,259,294,316,308,356,350,365,338,195,238,252,232,258,267,227,237,261,332,371,407,420,475,569,552,574,666,673,699,716,611
Burundi,71,72,69,85,95,113,122,142,156,197,230,234,239,246,217,245,249,227,206,207,204,202,184,162,174,160,137,152,137,122,105,95,88,80,89,141,155,159,183,194,215,228,230,234,259,245
Cabo Verde,270,301,340,420,422,491,457,426,485,514,566,546,540,521,487,499,680,829,918,912,"1,027","1,045","1,137","1,116","1,228","1,434","1,437","1,369","1,424","1,580","1,398","1,431","1,551","2,001","2,241","2,331","2,634","3,146","3,698","3,517","3,394","3,766","3,498","3,649","3,661","3,080"
Cambodia,110,107,103,87,88,95,102,95,106,102,107,116,120,125,131,137,140,170,199,200,188,241,248,243,258,309,318,304,269,294,301,321,338,362,407,472,538,629,743,735,783,879,948,"1,013","1,090","1,159"
Cameroon,171,187,234,310,322,412,436,496,635,820,993,905,881,892,852,813,964,"1,019",967,864,981,916,907,931,525,640,667,620,650,646,583,589,648,791,893,915,965,"1,071","1,192","1,165","1,147","1,259","1,222","1,331","1,407","1,217"
Canada,"4,100","4,556","5,107","5,840","7,028","7,512","8,813","8,920","9,112","10,020","11,170","12,363","12,531","13,475","13,911","14,112","14,416","16,250","18,847","20,701","21,471","21,786","20,892","20,124","19,938","20,615","21,242","21,854","20,960","22,224","24,177","23,761","24,224","28,244","32,056","36,253","40,337","44,417","46,431","40,631","47,279","51,845","52,320","52,302","50,379","43,206"
Cayman Islands,"2,578","3,080","3,872","4,749","5,203","5,830","6,537","7,337","8,261","9,355","10,666","12,246","14,136","19,095","20,739","21,542","22,566","25,033","28,950","31,421","37,182","37,040","37,559","38,588","39,938","40,930","41,941","43,033","53,251","54,735","54,633","53,935","54,459","54,893","56,274","62,558","64,105","68,299","67,033","61,474","58,857","59,190","59,283","59,586","61,681","62,132"
Central African Republic,151,158,177,204,208,274,319,351,413,462,511,444,405,346,322,344,436,457,471,450,513,479,478,422,274,350,309,280,283,286,257,257,269,304,333,348,373,418,475,465,458,500,484,332,365,333
Chad,97,104,106,114,130,184,169,168,196,174,175,201,184,192,202,194,232,255,288,264,308,296,299,252,198,235,254,234,258,216,189,224,251,331,517,664,715,779,931,812,823,908,894,905,942,713
Chile,"1,000","1,175","1,246","1,746","1,664",762,"1,024","1,368","1,553","2,060","2,700","3,191","2,246","1,826","1,783","1,548","1,638","1,882","2,160","2,423","2,624","2,951","3,510","3,670","4,139","5,225","5,416","5,839","5,523","5,014","5,101","4,594","4,453","4,841","6,242","7,645","9,501","10,514","10,791","10,217","12,785","14,582","15,253","15,765","14,566","13,416"
China,111,117,129,154,157,175,166,182,227,272,312,293,285,302,306,297,283,302,370,406,345,355,417,518,466,600,700,774,823,869,957,"1,052","1,150","1,294","1,514","1,768","2,114","2,706","3,471","3,840","4,524","5,579","6,323","7,072","7,693","8,109"
"China, Hong Kong SAR",963,"1,114","1,404","1,936","2,212","2,307","2,870","3,393","3,826","4,569","5,711","6,028","6,176","5,652","6,263","6,593","7,486","9,097","10,578","12,022","13,277","15,188","17,630","20,145","22,453","23,542","25,484","27,663","25,746","24,782","25,307","24,779","24,268","23,559","24,716","26,536","28,229","30,762","31,732","30,801","32,693","35,279","36,980","38,479","40,298","42,431"
"China, Macao SAR",664,786,962,"1,320","1,533","1,791","1,799","2,322","3,054","3,469","4,095","4,220","4,333","4,129","4,556","4,553","4,907","6,016","6,755","7,700","8,954","10,109","12,915","14,611","15,993","17,558","17,577","17,502","16,099","15,256","15,560","15,548","16,486","18,181","23,084","25,830","30,829","37,200","41,235","41,188","52,604","67,150","77,145","90,747","96,075","78,586"
Colombia,462,489,531,614,721,748,856,"1,062","1,240","1,457","1,702","1,813","1,897","1,844","1,782","1,590","1,560","1,590","1,681","1,662","1,661","1,669","1,755","1,995","2,588","2,946","3,044","3,291","2,994","2,584","2,472","2,396","2,356","2,245","2,740","3,386","3,709","4,674","5,434","5,148","6,251","7,228","7,885","8,031","7,918","6,056"
Comoros,163,177,204,267,294,443,422,450,561,721,833,746,679,687,644,666,918,"1,077","1,104","1,026","1,222","1,195","1,251","1,204",825,"1,001",968,867,857,863,765,806,882,"1,108","1,253","1,264","1,317","1,464","1,611","1,478","1,425","1,516","1,491","1,578","1,593","1,369"
Congo,196,218,254,328,384,439,442,428,517,683,947,"1,074","1,131","1,066","1,083","1,037",863,"1,043",978,"1,043","1,173","1,112","1,166","1,040",670,778,909,808,652,776,"1,036",878,927,"1,049","1,362","1,738","2,145","2,001","2,655","2,364","3,020","3,542","3,186","3,191","3,125","1,838"
Cook Islands,478,476,498,652,780,781,759,911,"1,095","1,286","1,448","1,507","1,508","1,482","1,529","1,592","2,052","2,617","3,344","3,386","3,777","4,091","4,186","4,630","5,452","5,786","5,854","5,427","4,780","5,149","5,140","5,346","6,074","8,174","9,358","9,411","9,557","11,478","11,661","10,653","12,579","14,029","14,725","14,623","15,323","14,119"
Costa Rica,635,676,758,912,970,"1,114","1,336","1,658","1,852","2,066","2,409","1,274","1,232","1,447","1,639","1,711","1,873","1,880","1,866","2,062","2,197","2,114","2,467","2,704","2,889","3,128","3,087","3,266","3,509","3,848","3,808","3,982","4,062","4,168","4,425","4,697","5,245","6,121","6,911","6,809","8,199","9,187","9,985","10,547","10,437","11,015"
Côte d'Ivoire,286,291,326,422,487,589,674,866,"1,044","1,155","1,231",977,841,729,700,687,868,922,904,912,978,915,922,826,596,771,817,766,804,778,647,664,718,875,930,942,963,"1,079","1,258","1,233","1,236","1,246","1,270","1,446","1,542","1,413"
Croatia,,,,,,,,,,,,,,,,,,,,,"3,479","2,847","2,585","2,761","3,726","4,849","5,176","5,256","5,662","5,248","4,917","5,283","6,113","7,894","9,481","10,374","11,545","13,789","16,218","14,464","13,823","14,467","13,176","13,525","13,412","11,479"
Cuba,653,780,901,"1,088","1,224","1,380","1,445","1,474","1,837","2,003","2,025","2,039","2,111","2,228","2,400","2,273","2,383","2,455","2,646","2,577","2,707","2,280","2,057","2,071","2,621","2,790","2,284","2,306","2,331","2,560","2,750","2,841","3,003","3,201","3,399","3,787","4,678","5,194","5,386","5,495","5,689","6,139","6,448","6,790","7,088","7,657"
Curaçao,,,,,,,,,,,,,,,,,,,,,,,,,,,,,,,,,,,,"18,120","18,629","19,134","20,265","19,924","19,995","20,199","20,516","20,399","20,277","20,050"
Cyprus,"1,004","1,162","1,397","1,681","1,818","1,571","1,832","2,337","3,045","3,961","4,750","4,527","4,643","4,589","4,767","5,011","6,329","7,501","8,563","9,015","10,802","10,860","12,680","11,801","13,013","15,265","15,154","14,225","15,083","15,283","14,364","14,816","16,042","20,240","23,773","25,311","27,172","31,353","35,392","32,104","30,817","32,236","28,951","27,543","26,408","21,942"
Czech Republic,,,,,,,,,,,,,,,,,,,,,"3,905","2,862","3,344","3,913","4,581","5,760","6,466","5,975","6,445","6,295","5,989","6,577","7,990","9,724","11,651","13,292","15,111","18,278","22,620","19,668","19,703","21,639","19,666","19,857","19,712","17,562"
Czechoslovakia (Former),"1,136","1,183","1,348","1,582","1,685","1,844","1,804","2,567","2,806","2,996","3,120","3,301","3,319","3,291","2,971","2,968","3,478","3,898","3,846","3,764","3,659",,,,,,,,,,,,,,,,,,,,,,,,,
D.P.R. of Korea,384,413,443,477,515,558,571,587,604,622,639,653,808,794,745,722,805,836,764,811,735,663,593,503,384,222,479,462,456,452,462,476,468,471,473,548,575,597,551,494,570,638,643,666,696,648
D.R. of the Congo,238,259,279,346,411,426,390,485,670,638,593,511,497,411,241,251,282,234,260,425,424,391,344,432,226,212,211,211,216,187,174,169,171,170,190,213,247,273,311,286,329,380,417,450,480,486
Denmark,"3,464","3,848","4,657","6,127","6,778","7,997","8,775","9,769","11,815","13,749","13,883","12,074","11,793","11,847","11,555","12,254","17,224","21,385","22,562","21,914","26,895","27,012","29,570","27,587","29,966","35,357","35,710","32,888","33,403","33,456","30,751","30,775","33,271","40,516","46,563","48,815","51,994","58,428","64,302","58,157","58,007","61,687","58,409","61,089","62,388","53,149"
Djibouti,414,441,501,588,688,699,752,726,717,785,839,853,868,859,883,872,879,840,827,790,777,764,768,754,786,771,737,716,713,754,769,787,800,829,868,910,974,"1,061","1,206","1,235","1,284","1,372","1,471","1,611","1,814","1,956"
Dominica,324,360,386,443,525,551,533,587,721,701,930,"1,041","1,136","1,267","1,435","1,587","1,819","2,058","2,406","2,604","2,794","2,966","3,202","3,336","3,578","3,639","3,935","4,104","4,374","4,539","4,612","4,710","4,636","4,814","5,329","5,251","5,627","6,056","6,618","7,028","6,939","7,022","6,771","7,073","7,234","7,051"
Dominican Republic,413,450,523,600,729,875,936,"1,061","1,069","1,212","1,428","1,530","1,640","1,736","2,040",866,"1,026",940,841,"1,188","1,326","1,347","1,532","1,706","1,818","1,995","2,127","2,407","2,516","2,594","2,798","2,898","2,905","2,274","2,442","3,844","4,048","4,596","4,932","4,903","5,359","5,787","5,952","5,952","6,147","6,374"
Ecuador,471,441,495,588,970,"1,106","1,266","1,495","1,574","1,823","2,241","2,664","2,373","1,992","1,916","1,895","1,651","1,467","1,339","1,392","1,491","1,623","1,689","1,729","2,027","2,135","2,158","2,360","2,299","1,584","1,451","1,904","2,184","2,440","2,709","3,022","3,351","3,591","4,275","4,256","4,657","5,223","5,702","6,074","6,432","6,205"
Egypt,234,243,254,259,300,328,379,474,567,369,464,303,345,404,450,482,488,525,557,596,639,679,777,842,923,"1,053","1,163","1,260","1,322","1,369","1,400","1,304","1,220","1,025","1,076","1,260","1,413","1,703","2,087","2,337","2,616","2,758","3,193","3,063","3,315","3,452"
El Salvador,92,94,98,111,128,142,177,218,229,252,256,245,250,279,316,383,521,603,704,818,914,998,"1,104","1,270","1,463","1,700","1,828","1,956","2,093","2,158","2,260","2,363","2,435","2,550","2,666","2,874","3,109","3,358","3,569","3,431","3,547","3,821","3,922","3,999","4,102","4,219"
Equatorial Guinea,72,76,76,101,113,146,159,182,211,239,252,225,247,257,239,281,339,397,422,378,450,439,501,477,381,480,733,"1,362","1,104","1,786","2,846","4,021","4,786","6,302","9,272","13,613","15,621","19,633","28,781","21,251","22,366","28,404","28,937","27,529","26,196","16,344"
Eritrea,,,,,,,,,,,,,,,,,,,,,106,121,138,160,200,202,234,240,243,231,200,206,193,222,273,262,281,299,307,404,451,544,632,701,793,915
Estonia,,,,,,,,,,,,,,,,,,,,,"3,589","3,450","2,831","2,793","2,855","3,086","3,346","3,594","3,991","4,084","4,067","4,487","5,295","7,163","8,844","10,330","12,578","16,539","18,035","14,716","14,641","17,447","17,404","19,000","19,916","17,112"
Ethiopia,,,,,,,,,,,,,,,,,,,,,233,257,198,138,129,133,139,140,123,114,121,116,109,117,133,159,190,235,308,331,300,339,458,494,560,603
Ethiopia (Former),85,87,92,104,114,111,118,132,139,150,157,160,160,170,195,221,223,231,218,217,225,249,195,139,,,,,,,,,,,,,,,,,,,,,,
Fiji,424,465,584,769,990,"1,188","1,185","1,204","1,363","1,643","1,897","1,901","1,789","1,641","1,684","1,606","1,799","1,634","1,538","1,734","1,838","1,885","2,062","2,172","2,388","2,571","2,695","2,678","2,100","2,442","2,105","2,066","2,289","2,871","3,375","3,627","3,718","4,047","4,179","3,370","3,652","4,352","4,544","4,759","5,042","4,922"
Finland,"2,467","2,712","3,177","4,174","5,300","6,260","6,743","7,074","7,639","9,342","11,233","10,933","10,947","10,511","10,847","11,406","14,952","18,562","22,033","23,966","28,380","25,524","22,369","17,634","20,312","26,271","25,771","24,671","25,991","26,182","24,252","24,911","26,835","32,810","37,633","38,966","41,116","48,280","53,396","47,090","46,165","50,720","47,322","49,510","49,723","42,148"
Former Netherlands Antilles,"1,394","1,494","1,678","1,864","2,324","2,739","3,053","3,445","4,195","4,961","5,476","6,261","6,628","6,518","6,506","6,558","8,429","8,739","8,996","10,035","10,520","10,975","11,454","12,175","13,088","13,560","14,318","14,951","15,329","15,443","16,020","16,434","16,777","17,344","17,785","17,312","17,889","18,422","19,373","18,997",,,,,,
France,"2,862","3,174","3,857","4,966","5,317","6,673","6,846","7,513","9,248","11,171","12,713","11,111","10,506","10,006","9,433","9,775","13,557","16,324","17,696","17,704","21,795","21,683","23,826","22,392","23,488","26,859","26,823","24,174","24,901","24,617","22,340","22,434","24,197","29,602","33,797","34,833","36,523","41,588","45,401","41,604","40,667","43,762","40,795","42,531","42,801","36,304"
French Polynesia,"2,379","2,687","2,855","3,646","4,542","5,468","6,004","6,268","7,695","9,281","10,271","9,328","9,104","9,185","9,215","9,795","14,553","15,656","15,478","15,253","17,987","18,236","19,446","18,219","18,547","20,542","19,429","18,208","18,582","18,031","15,835","15,306","16,044","19,806","22,053","22,374","22,786","25,435","27,039","24,709","22,684","22,874","20,795","21,532","21,586","18,161"
Gabon,695,803,889,"1,465","3,071","4,206","5,741","5,241","4,356","5,393","7,435","6,543","5,975","5,458","5,580","5,589","5,149","4,904","4,781","5,004","6,342","6,147","6,196","5,834","4,406","5,080","5,684","5,203","4,275","4,293","4,609","4,111","4,191","4,975","5,821","6,952","7,324","8,633","10,523","7,755","8,354","10,765","9,897","10,317","10,317","7,961"
Gambia,215,220,277,458,580,675,603,619,715,761,834,854,827,787,740,894,580,618,740,736,772,727,729,749,720,738,774,713,725,683,637,543,442,361,415,433,440,520,609,550,563,517,505,484,440,473
Georgia,,,,,,,,,,,,,,,,,,,,,"1,548","1,268",730,538,501,534,614,713,744,583,645,687,733,872,"1,133","1,433","1,749","2,319","2,946","2,505","2,738","3,440","3,829","3,953","4,092","3,491"
Germany,"2,744","3,169","3,795","5,041","5,636","6,213","6,587","7,618","9,406","11,212","12,113","10,225","9,942","9,887","9,313","9,408","13,420","16,609","17,862","17,751","22,353","23,424","26,515","25,639","27,164","31,753","30,582","27,059","27,353","26,839","23,810","23,844","25,450","30,718","34,628","35,218","37,040","42,543","46,519","42,447","42,483","46,723","44,037","46,577","48,102","41,686"
Ghana,413,439,373,339,384,359,358,383,437,453,484,497,475,455,495,519,541,565,601,591,682,746,713,601,534,618,647,629,667,673,424,441,499,602,683,804,930,"1,099","1,234","1,096","1,323","1,587","1,642","1,827","1,397","1,356"
Greece,"1,496","1,654","1,906","2,511","2,830","3,160","3,412","3,908","4,714","5,727","5,909","5,394","5,588","5,031","4,867","4,826","5,669","6,578","7,613","7,864","9,662","10,290","11,260","10,429","11,060","12,864","13,599","13,257","13,300","13,670","12,025","12,395","13,971","18,307","21,772","22,383","24,626","28,611","31,758","29,517","26,782","25,804","22,113","21,697","21,460","17,788"
Greenland,"1,483","1,845","2,170","2,827","3,393","4,188","4,755","5,567","7,019","8,280","9,328","8,469","7,734","7,894","7,100","7,632","11,020","14,238","16,099","16,532","18,018","17,915","18,270","16,324","17,718","21,298","21,088","18,865","20,207","19,849","18,693","18,957","20,336","24,727","28,470","28,969","31,799","35,854","40,534","40,851","40,450","44,361","41,815","42,994","43,430","36,977"
Grenada,204,258,346,428,445,551,558,634,793,923,996,"1,050","1,129","1,157","1,226","1,368","1,536","1,794","2,009","2,227","2,467","2,582","2,611","2,579","2,676","2,793","2,978","3,196","3,506","3,768","5,149","5,138","5,332","5,826","5,867","6,804","6,826","7,375","8,008","7,453","7,418","7,466","7,673","8,011","8,313","8,934"
Guatemala,313,317,327,388,464,521,607,743,801,888,987,"1,050","1,035","1,046","1,067","1,228",905,741,801,839,745,893,968,"1,031","1,145","1,261","1,326","1,458","1,553","1,431","1,471","1,562","1,693","1,743","1,861","2,064","2,241","2,472","2,774","2,617","2,806","3,167","3,279","3,432","3,667","3,903"
Guinea,182,199,211,225,256,287,325,333,378,401,444,480,507,521,532,561,574,590,629,618,647,648,658,618,615,669,677,645,577,549,485,455,448,513,531,420,426,619,668,627,622,615,627,680,723,704
Guinea-Bissau,395,384,442,535,577,652,577,488,554,595,552,589,473,465,497,440,477,506,468,552,578,601,620,635,653,677,444,334,298,315,276,283,297,340,371,401,396,456,554,518,520,656,577,595,570,530
Guyana,614,643,643,677,936,"1,087",946,923,"1,025","1,061","1,199","1,150",979,991,915,963,"1,097",736,898,835,877,775,831,"1,033","1,202","1,364","1,541","1,628","1,552","1,497","1,531","1,528","1,558","1,596","1,693","1,772","1,961","2,334","2,570","2,698","2,999","3,409","3,759","3,929","4,028","4,279"
Haiti,93,100,101,125,149,176,223,235,237,257,323,323,328,353,386,417,455,389,384,393,436,414,286,240,277,345,373,400,455,486,429,404,364,315,401,448,518,625,660,660,671,737,760,804,819,794
Honduras,306,315,337,372,409,431,502,602,674,762,842,897,895,920,963,"1,025","1,041","1,101","1,191","1,293",742,726,788,786,751,845,850,961,"1,049","1,058","1,151","1,201","1,209","1,243","1,314","1,418","1,558","1,733","1,912","1,976","2,111","2,324","2,395","2,358","2,449","2,522"
Hungary,615,666,779,961,"1,050","1,192","1,374","1,526","1,775","2,042","2,357","2,419","2,471","2,252","2,194","2,232","2,582","2,850","3,063","3,115","3,564","3,341","3,726","3,860","4,152","4,473","4,503","4,575","4,732","4,786","4,617","5,266","6,644","8,386","10,249","11,152","11,391","13,831","15,650","12,951","13,007","14,025","12,785","13,570","14,085","12,351"
Iceland,"2,598","3,264","4,034","5,452","7,089","6,508","7,645","10,023","11,304","12,730","14,943","15,276","13,867","11,823","12,101","12,462","16,475","22,544","24,669","22,674","25,592","27,065","27,468","23,894","24,318","26,852","27,776","27,845","30,730","32,084","31,812","28,680","32,070","39,003","46,756","56,248","56,643","69,725","56,898","40,998","41,676","45,711","43,965","47,571","52,486","50,936"
India,108,113,120,140,154,157,154,175,198,214,257,268,267,285,276,281,301,326,353,342,364,316,311,298,335,373,385,411,406,425,431,437,449,517,616,710,791,991,"1,048","1,069","1,341","1,501","1,474","1,504","1,580","1,614"
Indonesia,90,92,106,152,236,271,324,388,426,416,573,710,712,629,632,617,554,515,591,663,735,809,863,964,"1,062","1,195","1,325","1,239",540,785,831,797,958,"1,135","1,225","1,345","1,693","1,981","2,308","2,409","3,125","3,648","3,701","3,632","3,500","3,346"
Iran (Islamic Republic of),385,469,570,876,"1,453","1,594","2,025","2,313","2,167","2,425","2,473","2,553","3,038","3,621","3,645","1,613","1,496","1,713","1,742","1,663","1,716","1,835","1,887","2,027","1,922","1,896","2,011","1,825","1,733","1,757","1,664","1,793","2,189","2,241","2,650","3,135","3,647","4,705","5,476","5,438","6,300","7,874","7,711","6,631","5,443","5,038"
Iraq,238,258,251,305,347,420,518,542,665,865,920,802,820,761,770,775,836,"1,001","1,044",966,977,333,382,265,206,172,292,310,383,648,717,729,699,645,995,"1,342","1,968","2,636","3,527","3,659","3,795","4,941","5,641","6,073","5,465","4,509"
Ireland,"1,493","1,710","2,089","2,434","2,527","2,985","2,926","3,425","4,391","5,413","6,345","5,965","6,140","5,893","5,674","5,980","8,060","9,520","10,610","11,029","13,852","13,960","15,626","14,577","15,786","18,986","20,651","22,347","24,069","26,071","25,993","27,967","32,243","40,653","47,061","50,356","54,066","61,530","61,366","51,716","47,938","51,710","48,377","51,222","54,815","60,514"
Israel,"2,133","2,190","2,785","3,464","4,560","4,385","4,498","4,762","4,596","5,801","6,461","6,727","7,221","7,916","7,304","6,778","8,268","9,775","11,746","11,453","13,195","14,643","15,824","15,333","16,822","18,808","20,041","20,375","20,116","19,893","22,004","21,311","19,380","19,948","20,922","21,573","22,780","25,827","30,439","28,545","31,502","34,558","33,484","37,519","38,890","37,129"
Italy,"2,112","2,306","2,668","3,202","3,619","4,107","4,033","4,603","5,609","6,986","8,443","7,599","7,520","7,782","7,679","7,920","11,206","14,094","15,592","16,239","20,653","21,779","23,060","18,589","19,182","20,498","22,928","21,721","22,212","21,890","19,979","20,264","21,968","27,061","30,822","31,584","32,970","37,250","40,304","36,743","35,663","38,142","34,699","35,644","35,957","30,462"
Jamaica,847,913,"1,095","1,105","1,353","1,607","1,645","1,782","1,435","1,304","1,417","1,552","1,687","1,823","1,178","1,029","1,232","1,463","1,702","1,945","2,021","1,794","1,593","2,034","2,013","2,629","2,933","3,318","3,417","3,423","3,463","3,512","3,689","3,559","3,819","4,199","4,433","4,733","5,045","4,440","4,823","5,247","5,357","5,148","4,993","5,106"
Japan,"2,040","2,272","2,968","3,977","4,358","4,683","5,207","6,347","8,841","9,127","9,487","10,405","9,599","10,395","10,977","11,674","17,213","20,775","25,122","25,054","25,685","29,161","31,643","36,120","39,541","43,774","38,733","35,304","32,191","36,357","38,878","34,162","32,595","35,137","37,983","37,450","35,634","35,483","39,570","41,082","44,770","48,388","48,790","40,601","38,241","34,629"
Jordan,358,364,389,431,483,615,772,926,"1,193","1,405","1,760","1,809","1,848","1,853","1,815","1,840","2,144","2,188","1,960","1,286","1,197","1,185","1,421","1,417","1,501","1,558","1,558","1,594","1,712","1,737","1,775","1,851","1,940","2,022","2,207","2,361","2,723","2,971","3,656","3,801","4,054","4,266","4,423","4,656","4,831","4,940"
Kazakhstan,,,,,,,,,,,,,,,,,,,,,"1,798","1,656","1,611","1,510","1,362","1,291","1,339","1,433","1,453","1,120","1,223","1,483","1,641","2,037","2,821","3,697","5,192","6,655","8,384","7,163","9,077","11,636","12,365","13,839","12,746","10,312"
Kenya,224,239,259,295,339,358,368,458,522,577,647,587,544,487,486,463,527,560,577,546,540,493,471,317,392,491,489,519,544,485,466,468,462,510,536,608,712,858,939,943,992,"1,013","1,185","1,261","1,368","1,377"
Kiribati,395,412,514,829,"1,480","1,405","1,034",960,"1,101","1,035","1,040",657,639,595,642,468,442,501,628,587,552,643,643,621,715,720,847,838,805,834,885,760,844,"1,060","1,131","1,215","1,152","1,358","1,413","1,297","1,493","1,693","1,764","1,724","1,684","1,443"
Kosovo,,,,,,,,,,,,,,,,,,,,,"2,731","2,030","1,486","1,098","1,093","2,351","1,531","1,448","1,325",932,871,"1,339","1,554","1,835","2,022","2,108","2,213","2,669","3,233","3,201","3,298","3,739","3,644","3,985","4,183","3,665"
Kuwait,"3,829","4,804","5,131","5,832","13,158","11,431","11,762","11,973","12,426","18,815","20,725","17,384","14,210","13,157","13,090","12,359","9,820","11,662","10,331","11,835","8,972","5,488","10,407","13,372","14,693","16,221","19,227","17,999","14,690","16,255","19,548","17,532","18,674","22,841","27,436","35,694","42,502","45,157","54,479","36,779","37,724","47,555","50,897","48,465","43,339","29,304"
Kyrgyzstan,,,,,,,,,,,,,,,,,,,,,594,559,489,420,340,325,392,373,340,255,277,306,319,380,436,481,549,727,970,872,877,"1,116","1,169","1,277","1,278","1,106"
Lao People's DR,43,46,48,54,59,68,72,74,80,83,98,122,135,143,155,163,170,167,164,190,204,235,252,277,313,352,363,331,239,266,312,311,320,361,420,473,569,709,874,908,"1,077","1,266","1,452","1,635","1,772","1,850"
Latvia,,,,,,,,,,,,,,,,,,,,,"3,632","3,386","2,285","2,025","2,117","2,173","2,428","2,680","2,972","3,146","3,347","3,560","4,121","5,137","6,369","7,597","9,753","14,232","16,600","12,361","11,368","13,772","13,783","15,028","15,744","13,704"
Lebanon,866,950,"1,154","1,466","1,843","1,691",734,"1,371","1,528","1,766","2,091","1,990","1,349","1,419",991,850,"1,049",816,"1,303","1,066","1,091","1,582","2,032","2,726","3,148","3,793","4,439","5,043","5,430","5,388","5,155","5,079","5,312","5,350","5,473","5,390","5,435","6,088","7,112","8,484","8,858","8,728","8,956","8,931","8,676","8,571"
Lesotho,65,61,71,106,118,120,115,147,198,209,269,266,238,253,211,169,194,243,278,288,341,374,434,426,438,490,459,477,440,436,415,377,348,510,645,711,736,817,827,860,"1,088","1,241","1,159","1,065","1,034",941
Liberia,182,187,198,225,268,312,315,342,364,406,404,449,448,430,413,401,392,414,446,466,232,213,140,101,83,82,92,145,163,184,183,174,183,139,165,186,207,232,250,268,271,378,414,453,458,456
Libya,"1,882","2,210","2,534","3,322","5,577","5,206","6,489","7,326","6,955","9,230","11,966","10,076","9,520","8,873","7,790","7,782","6,139","5,554","6,104","6,300","7,068","7,648","7,929","7,028","6,430","5,800","6,294","6,557","5,801","6,413","7,208","6,275","3,971","4,677","5,838","7,834","9,324","10,414","15,569","11,087","12,918","6,454","15,247","12,228","7,684","5,488"
Liechtenstein,"4,734","5,394","6,301","8,217","9,430","11,747","12,725","13,872","19,555","22,092","23,094","21,801","22,001","21,872","20,792","21,685","31,638","42,316","46,207","44,053","55,252","56,962","61,773","62,475","71,682","88,001","89,306","80,647","85,624","90,630","83,385","82,703","88,364","100,057","111,647","117,279","127,180","145,102","158,939","139,781","156,533","175,517","165,693","172,562","178,723","169,492"
Lithuania,,,,,,,,,,,,,,,,,,,,,"2,774","2,702","2,181","1,879","1,742","1,847","2,328","2,832","3,171","3,122","3,310","3,542","4,159","5,520","6,707","7,819","9,139","12,172","14,875","11,801","11,890","14,174","14,210","15,677","16,657","14,384"
Luxembourg,"4,431","4,582","5,689","7,738","9,359","9,108","9,912","10,898","13,491","15,699","17,071","14,302","13,013","12,785","12,526","12,879","18,721","23,149","25,990","27,435","34,553","36,964","40,933","41,431","45,412","52,745","52,513","46,894","47,470","51,478","49,014","47,824","52,531","65,290","76,014","80,762","90,026","106,004","113,686","101,527","104,169","114,574","105,942","112,949","117,454","100,161"
Madagascar,137,144,160,191,210,243,226,237,261,329,373,323,309,300,303,286,317,243,225,223,267,225,244,267,228,235,288,247,253,244,246,279,263,317,246,275,293,379,472,417,414,456,445,462,453,402
Malawi,126,154,171,161,193,209,222,259,295,307,363,353,326,331,313,281,279,274,287,327,337,381,339,372,219,252,297,306,304,295,281,270,297,265,280,287,305,328,383,432,471,470,354,318,357,373
Malaysia,354,380,440,653,790,758,877,"1,019","1,240","1,571","1,770","1,763","1,843","2,033","2,214","1,979","1,710","1,927","2,050","2,194","2,417","2,626","3,080","3,396","3,686","4,286","4,743","4,593","3,228","3,456","4,005","3,879","4,133","4,431","4,925","5,564","6,195","7,241","8,487","7,312","9,069","10,428","10,835","10,971","11,306","9,768"
Maldives,363,393,443,526,644,391,346,314,356,547,583,596,731,735,817,869,936,900,"1,040","1,133","1,247","1,377","1,562","1,723","1,856","2,211","2,442","2,699","2,813","3,012","3,135","3,084","3,122","3,537","4,009","3,672","4,755","5,534","6,573","6,578","6,986","7,234","7,303","7,961","8,657","9,446"
Mali,59,69,77,88,81,118,138,157,179,222,254,230,198,170,164,176,253,294,300,296,352,336,373,361,260,329,329,310,327,320,267,305,332,389,436,485,518,592,686,693,704,830,772,798,842,744
Malta,852,899,"1,001","1,170","1,270","1,596","1,765","2,077","2,615","3,269","4,042","3,978","3,905","3,645","3,406","3,417","4,340","5,243","5,986","6,220","7,407","7,921","8,622","7,659","8,401","9,929","10,133","9,969","10,412","10,642","10,469","10,445","11,421","13,785","15,309","16,100","16,962","19,675","22,091","20,826","21,212","23,080","22,287","24,440","25,704","23,281"
Marshall Islands,416,432,451,500,626,658,690,742,789,876,881,981,"1,057","1,207","1,246","1,155","1,405","1,508","1,619","1,604","1,674","1,717","1,861","2,005","2,156","2,378","2,177","2,056","2,093","2,073","2,127","2,208","2,394","2,440","2,521","2,647","2,758","2,878","2,926","2,908","3,124","3,290","3,502","3,603","3,530","3,453"
Mauritania,282,294,333,368,486,571,619,619,592,717,975,915,806,796,673,614,702,775,793,788,802,836,824,684,704,720,707,667,565,535,477,463,459,525,616,693,938,"1,009","1,181","1,046","1,208","1,403","1,385","1,529","1,434","1,235"
Mauritius,238,264,326,402,658,651,796,915,"1,110","1,303","1,201","1,197","1,118","1,119","1,058","1,086","1,465","1,821","2,044","2,074","2,481","2,626","3,018","3,009","3,240","3,625","3,920","3,673","3,622","3,695","3,935","3,864","4,028","4,810","5,411","5,310","5,483","6,320","7,788","7,108","7,787","8,988","9,096","9,443","9,943","9,041"
Mexico,850,908,"1,013","1,201","1,516","1,799","1,766","1,585","1,935","2,473","3,345","4,194","2,851","2,391","2,761","2,841","1,952","2,073","2,487","2,968","3,427","4,020","4,556","4,954","5,071","3,384","3,858","4,571","4,719","5,300","6,308","6,662","6,860","6,674","7,113","7,880","8,666","9,220","9,579","7,648","8,851","9,715","9,703","10,173","10,326","8,981"
Micronesia (FS of),343,372,427,593,782,775,771,759,834,906,933,"1,075","1,088","1,106","1,079","1,262","1,353","1,380","1,492","1,536","1,639","1,780","1,865","1,988","2,015","2,063","2,019","1,905","2,029","2,046","2,171","2,239","2,257","2,293","2,257","2,360","2,403","2,448","2,522","2,698","2,867","3,006","3,154","3,049","3,057","3,015"
Monaco,"12,097","13,393","16,199","20,710","22,004","27,399","27,907","30,408","37,155","44,508","50,171","43,362","40,510","38,140","35,630","36,723","50,859","61,356","66,765","67,024","82,625","82,117","89,966","84,180","87,872","100,012","99,416","89,175","91,428","89,995","81,357","81,460","87,654","106,942","121,524","124,319","133,280","167,440","181,264","149,993","145,538","163,509","153,542","174,636","187,650","165,871"
Mongolia,156,166,174,194,215,243,259,288,323,356,402,464,521,558,597,634,688,710,752,794,787,726,665,654,679,730,691,613,560,519,550,608,663,749,925,"1,158","1,547","1,894","2,479","1,991","2,650","3,773","4,377","4,401","4,202","3,973"
Montenegro,,,,,,,,,,,,,,,,,,,,,"3,491","2,849","2,400","1,325","1,364","1,958","1,410","1,369","1,394","1,361","1,611","1,902","2,100","2,793","3,392","3,686","4,395","5,970","7,341","6,714","6,655","7,285","6,552","7,147","7,337","6,424"
Montserrat,670,774,894,993,"1,083","1,221","1,064","1,168","1,331","1,608","2,376","2,810","3,136","3,369","3,638","3,850","4,138","4,538","5,203","5,904","7,026","5,979","6,204","6,165","6,823","6,729","5,858","5,356","5,665","6,398","7,252","7,976","9,101","9,231","9,492","10,231","10,647","11,062","11,703","12,069","11,208","12,758","12,431","11,749","11,579","11,553"
Morocco,290,303,357,429,516,591,616,694,812,953,"1,101",872,859,758,678,669,862,932,"1,079","1,095","1,215","1,286","1,291","1,196","1,332","1,426","1,561","1,404","1,486","1,458","1,344","1,355","1,438","1,756","1,988","2,058","2,247","2,549","2,951","2,929","2,903","3,116","2,979","3,206","3,243","2,919"
Mozambique,391,425,466,536,547,552,490,482,489,500,480,452,463,422,471,439,453,265,226,244,264,238,165,165,163,162,215,251,281,298,275,254,260,281,333,366,382,419,500,461,418,525,593,605,623,529
Myanmar,99,99,90,114,133,120,130,130,142,159,171,168,168,170,171,172,127,123,111,118,124,125,139,149,161,174,186,197,127,140,153,158,213,202,207,239,275,360,507,641,801,"1,111","1,161","1,173","1,241","1,161"
Namibia,811,879,853,"1,049","1,244","1,291","1,209","1,314","1,482","1,792","2,500","2,220","1,994","2,061","1,674","1,338","1,460","1,784","1,873","1,825","1,893","1,939","2,135","2,090","2,319","2,425","2,344","2,368","2,150","2,087","2,059","1,837","1,717","2,490","3,236","3,513","3,815","4,196","4,011","4,124","5,143","5,540","5,680","5,418","5,349","4,674"
Nauru,"2,364","2,544","2,942","3,743","4,793","4,750","4,767","4,720","5,063","5,165","5,597","5,882","5,501","5,185","5,007","4,043","3,990","4,337","4,923","5,090","5,377","4,869","4,469","3,787","3,720","3,496","3,364","3,075","2,387","2,447","2,163","1,894","1,892","2,387","2,731","2,599","2,514","2,294","4,135","5,409","6,234","8,551","11,966","15,100","17,857","18,469"
Nepal,87,87,99,90,112,121,110,107,123,137,140,156,161,156,157,164,165,180,198,193,202,180,190,186,208,212,215,232,214,231,241,244,241,260,289,324,349,420,444,479,606,679,652,655,701,725
Netherlands,"2,906","3,359","4,079","5,337","6,253","7,300","7,900","9,158","11,122","12,654","13,661","11,426","10,976","10,574","9,868","9,813","13,628","16,530","17,561","17,212","21,070","21,527","23,687","22,904","24,388","28,899","28,668","26,361","27,509","27,960","25,972","26,687","28,949","35,370","40,026","41,546","44,303","50,986","56,675","51,757","50,289","53,551","49,491","51,560","52,148","44,332"
New Caledonia,"3,602","3,998","4,465","4,569","5,192","6,369","6,059","6,218","6,165","7,505","8,335","6,758","6,171","5,530","5,257","5,553","7,676","9,348","12,793","13,232","15,008","15,404","16,584","15,632","16,436","19,178","18,643","17,921","17,616","17,703","16,246","15,403","17,099","22,151","26,146","27,270","30,019","37,346","37,725","35,693","37,976","41,392","37,160","38,437","39,398","33,966"
New Zealand,"2,304","2,764","3,295","4,249","4,687","4,484","4,473","4,870","5,902","6,697","7,425","7,956","7,866","7,739","7,384","7,376","9,207","11,617","13,886","13,283","13,374","12,722","12,008","12,805","14,784","17,185","18,695","18,470","15,113","15,696","14,111","13,850","15,781","20,872","25,117","27,746","26,653","32,402","31,101","28,029","33,551","38,248","39,815","42,448","44,207","38,294"
Nicaragua,477,492,509,613,826,838,944,"1,110","1,029",715,836,937,960,"1,016","1,010",975,962,958,849,849,861,865,898,937,854,896,916,917,952,981,"1,016","1,049","1,010","1,016","1,091","1,175","1,245","1,351","1,518","1,479","1,523","1,680","1,776","1,829","1,960","2,087"
Niger,95,99,121,125,140,173,199,228,300,382,452,384,340,296,233,224,282,317,320,290,333,306,308,273,163,191,197,175,193,183,154,162,178,211,223,250,261,295,358,344,351,378,394,418,431,359
Nigeria,426,483,574,643,"1,015","1,256","1,489","1,681","1,819","2,137","2,693","2,424","2,321","2,278","2,204","2,131","1,050",631,738,650,715,652,577,549,445,452,468,477,484,481,607,563,736,821,"1,038","1,293","1,632","1,819","2,214","1,756","2,315","2,529","2,740","2,980","3,203","2,714"
Norway,"3,306","3,735","4,414","5,691","6,813","8,207","8,929","10,270","11,470","13,056","15,784","15,530","15,251","14,957","15,012","15,769","18,898","22,536","24,263","24,324","28,250","28,592","30,530","27,979","29,331","34,871","37,282","36,564","34,721","36,334","38,141","38,540","43,070","50,154","57,603","66,760","74,012","84,995","96,811","79,990","87,611","100,558","101,568","102,833","96,803","74,186"
Oman,371,421,495,627,"2,047","2,489","2,891","2,936","2,780","3,582","5,419","6,187","6,157","6,170","6,467","6,861","5,212","5,265","4,939","5,321","6,377","5,927","6,220","5,979","5,971","6,228","6,806","7,031","6,261","6,979","8,685","8,560","8,670","9,070","10,115","12,399","14,575","16,226","22,963","17,519","19,921","21,164","21,632","20,205","19,130","15,551"
Pakistan,226,234,135,140,180,220,251,279,319,341,397,456,430,422,439,421,425,439,485,470,480,506,554,533,560,630,613,601,590,575,556,519,557,618,694,768,871,952,926,970,"1,026","1,219","1,210","1,215","1,340","1,410"
Palau,875,946,"1,021","1,103","1,196","1,305","1,430","1,574","1,743","1,922","2,104","2,282","2,455","2,631","2,916","3,241","3,616","4,044","4,526","5,057","5,633","5,992","6,242","5,588","6,060","6,729","7,455","7,616","7,721","7,329","7,621","7,832","8,218","8,255","8,273","9,037","9,680","9,695","9,721","9,600","9,084","9,124","9,819","10,451","11,092","12,122"
Panama,755,828,884,984,"1,094","1,193","1,234","1,276","1,475","1,647","2,049","2,253","2,331","2,393","2,474","2,580","2,666","2,691","2,353","2,310","2,459","2,648","2,949","3,156","3,297","3,302","3,335","3,535","3,755","3,857","3,837","3,825","3,903","4,038","4,349","4,659","5,072","6,095","7,009","7,471","7,987","9,336","10,672","11,787","12,712","13,268"
Papua New Guinea,448,487,566,831,914,821,860,921,"1,090","1,221","1,319","1,260","1,162","1,127","1,086","1,001","1,076","1,247","1,415","1,340","1,187","1,363","1,506","1,669","1,788","1,542","1,599","1,489","1,109",985,978,836,810,963,"1,057","1,201","1,332","1,478","1,766","1,726","2,074","2,564","2,973","2,893","2,975","2,798"
Paraguay,212,232,262,331,433,479,525,630,751,976,"1,236","1,519","1,535","1,656","1,319","1,094","1,265","1,031","1,335",940,"1,104","1,277","1,285","1,338","1,492","1,694","1,797","1,781","1,555","1,405","1,338","1,192","1,148","1,175","1,409","1,507","1,810","2,312","3,060","2,600","3,228","3,988","3,856","4,480","4,713","4,174"
Peru,437,474,512,597,733,871,809,711,594,739,959,"1,143","1,135",860,881,743,"1,080","1,730","1,478","1,626","1,334","1,542","1,578","1,494","1,891","2,220","2,262","2,342","2,202","1,964","1,997","1,982","2,060","2,181","2,449","2,755","3,172","3,612","4,211","4,167","5,022","5,772","6,388","6,577","6,538","6,069"
Philippines,207,223,234,286,380,400,446,499,561,661,759,811,822,715,658,627,593,642,713,781,793,792,902,904,"1,040","1,176","1,285","1,249",967,"1,088","1,040",958,"1,001","1,011","1,080","1,197","1,395","1,679","1,929","1,837","2,145","2,372","2,605","2,786","2,873","2,904"
Poland,862,947,"1,039","1,220","1,357","1,433","1,583","1,740","1,953","2,166","1,652","1,550","1,864","2,134","2,118","1,956","2,025","1,743","1,871","2,229","1,727","2,234","2,458","2,500","2,875","3,683","4,144","4,124","4,524","4,406","4,466","4,953","5,167","5,657","6,634","7,959","8,960","11,144","13,856","11,408","12,426","13,702","12,959","13,574","14,116","12,355"
Portugal,935,"1,056","1,276","1,691","1,934","2,107","2,183","2,271","2,457","2,754","3,372","3,255","3,092","2,751","2,542","2,731","3,904","4,861","5,694","6,129","7,960","9,006","10,822","9,515","9,937","11,721","12,118","11,521","12,158","12,450","11,515","11,777","12,954","15,857","18,118","18,826","19,831","22,762","24,771","23,015","22,514","23,193","20,577","21,614","22,075","19,239"
Puerto Rico,"1,884","2,085","2,303","2,506","2,704","2,835","3,048","3,310","3,664","4,117","4,592","5,009","5,200","5,301","5,822","6,106","6,552","7,062","7,678","8,221","8,822","9,219","9,790","10,336","11,005","11,721","12,362","13,042","14,549","15,489","16,479","18,472","19,140","20,047","21,288","22,311","23,276","23,946","25,117","25,921","26,520","27,107","27,482","27,760","27,692","27,939"
Qatar,"4,929","5,984","7,901","10,577","12,599","15,028","18,453","19,244","20,476","27,445","35,035","34,962","27,454","20,968","20,131","16,583","12,686","12,866","13,563","14,011","15,448","14,189","15,428","14,369","14,715","16,049","17,487","21,133","18,470","21,458","29,569","28,236","30,159","34,801","42,829","52,571","60,857","66,804","81,998","60,729","70,023","88,051","92,693","94,574","94,944","73,653"
Republic of Korea,286,308,331,414,571,625,844,"1,068","1,422","1,805","1,735","1,904","2,011","2,215","2,420","2,476","2,814","3,514","4,680","5,724","6,501","7,513","8,009","8,773","10,275","12,454","13,301","12,311","8,207","10,570","12,155","11,465","13,022","14,466","16,164","18,866","21,122","23,290","20,660","18,480","22,296","24,363","24,649","26,192","28,185","27,397"
Republic of Moldova,,,,,,,,,,,,,,,,,,,,,911,775,562,570,403,407,392,450,399,277,307,354,398,475,624,719,822,"1,066","1,473","1,328","1,423","1,720","1,788","1,960","1,960","1,591"
Romania,619,727,830,956,991,"1,057","1,176","1,260","1,472","1,576","1,613","1,946","2,259","2,077","1,773","2,196","2,381","2,650","2,729","2,424","1,728","1,306",889,"1,203","1,381","1,640","1,630","1,583","1,869","1,623","1,692","1,852","2,113","2,756","3,532","4,657","5,825","8,176","10,037","8,163","8,276","9,217","8,607","9,677","10,143","9,121"
Russian Federation,,,,,,,,,,,,,,,,,,,,,"3,869","3,786","3,305","3,087","2,752","2,694","2,648","2,740","1,838","1,333","1,774","2,103","2,379","2,976","4,102","5,320","6,906","9,077","11,604","8,542","10,652","14,187","15,145","15,559","14,160","9,243"
Rwanda,61,71,77,93,119,139,150,170,199,236,258,280,271,276,285,296,318,338,349,346,335,256,285,294,190,208,218,275,273,240,216,201,196,213,237,287,337,398,492,530,554,607,667,679,697,697
Saint Kitts and Nevis,556,674,793,836,"1,088","1,153",978,"1,017","1,123","1,342","1,567","1,839","1,973","2,001","2,267","2,524","3,004","3,403","4,038","4,531","5,112","5,118","5,547","5,968","6,552","6,988","7,346","8,132","8,214","8,670","9,219","9,967","10,283","9,760","10,378","11,054","12,771","13,356","14,463","13,984","13,467","14,212","13,690","14,515","15,430","15,772"
Saint Lucia,327,370,419,467,628,720,730,805,928,"1,109","1,283","1,449","1,547","1,656","1,801","1,970","2,348","2,523","2,822","3,138","3,365","3,570","3,916","3,873","3,989","4,199","4,413","4,433","4,800","4,989","4,984","4,652","4,630","4,981","5,416","5,656","6,364","6,721","6,782","6,716","7,014","7,193","7,201","7,327","7,649","7,839"
Samoa,281,328,377,494,553,549,496,570,624,705,720,673,686,629,611,532,560,618,734,675,688,681,712,709,"1,174","1,151","1,287","1,394","1,301","1,321","1,323","1,363","1,495","1,810","2,152","2,414","2,488","3,514","3,581","3,147","3,651","4,200","4,235","4,226","4,296","4,006"
San Marino,"4,171","4,547","5,271","6,346","7,180","8,123","7,917","8,931","10,732","13,179","15,724","13,993","13,705","14,045","13,726","14,017","19,632","24,438","26,746","27,533","34,580","35,971","37,538","32,821","35,067","39,410","44,808","41,797","44,357","46,423","41,604","43,270","46,091","58,041","67,216","69,333","73,234","83,268","91,241","77,642","69,708","66,388","57,764","59,412","58,390","49,240"
Sao Tome and Principe,477,467,508,674,682,692,583,535,581,675,818,819,774,712,730,760,"1,046","1,028",862,841,999,882,762,990,"1,013",785,"1,005",672,520,546,528,516,566,658,704,824,859,911,"1,193","1,172","1,206","1,397","1,481","1,741","1,968","1,753"
Saudi Arabia,921,"1,179","1,514","2,232","6,446","6,296","8,158","8,943","9,136","11,998","16,599","17,457","13,625","10,799","9,439","7,776","6,199","5,845","5,784","6,022","7,180","7,818","7,869","7,422","7,347","7,593","8,197","8,367","7,230","7,765","8,859","8,367","8,364","9,239","10,756","13,274","14,827","15,947","19,437","15,655","18,754","23,256","24,883","24,646","24,406","20,711"
Senegal,226,226,265,296,324,424,419,418,454,553,584,472,478,445,407,436,617,731,768,691,826,773,821,718,468,559,567,510,536,535,475,482,513,643,732,773,808,949,"1,095","1,016",998,"1,076","1,032","1,043","1,043",901
Serbia,,,,,,,,,,,,,,,,,,,,,"4,249","3,844","2,796","1,972","2,053","2,208","2,310","2,193","1,980","1,503","1,249","1,635","2,149","2,832","3,331","3,528","4,130","5,458","6,702","5,821","5,412","6,423","5,659","6,355","6,203","5,239"
Seychelles,425,494,672,788,897,969,975,"1,247","1,619","2,361","2,686","2,743","2,610","2,564","2,632","2,922","3,604","4,302","4,900","5,250","6,306","6,327","7,207","7,651","7,726","8,005","7,769","8,668","9,280","9,387","9,203","9,044","9,964","9,869","9,608","10,357","11,307","11,379","10,555","9,175","10,421","10,856","11,209","13,817","14,074","14,133"
Sierra Leone,181,190,205,230,259,271,247,275,348,392,432,453,498,424,507,397,271,222,339,312,224,268,234,267,320,307,333,299,235,229,212,258,283,298,297,325,360,400,454,435,446,498,629,796,794,695
Singapore,925,"1,075","1,371","1,929","2,360","2,559","2,649","2,892","3,439","4,092","5,003","5,831","6,298","6,969","7,386","6,850","6,781","7,654","9,206","10,665","12,896","14,668","16,335","18,426","21,768","25,237","27,002","27,418","22,944","22,572","24,459","22,192","22,229","22,800","26,098","28,343","32,027","38,029","39,638","38,752","46,549","53,023","54,585","55,557","55,635","52,239"
Sint Maarten (Dutch part),,,,,,,,,,,,,,,,,,,,,,,,,,,,,,,,,,,,"21,764","23,322","24,890","26,355","26,328","27,064","27,548","28,060","28,070","28,085","28,242"
Slovakia,,,,,,,,,,,,,,,,,,,,,"3,179","2,218","2,402","2,578","2,974","3,722","4,016","4,068","4,236","3,861","3,840","3,969","4,601","6,300","7,997","9,093","10,595","14,267","17,899","16,464","16,553","18,143","17,249","18,172","18,581","16,082"
Slovenia,,,,,,,,,,,,,,,,,,,,,"9,029","6,578","6,508","6,602","7,513","10,683","10,798","10,437","11,128","11,410","10,230","10,499","11,853","14,937","17,314","18,204","19,738","23,848","27,377","24,595","23,393","24,910","22,424","23,096","23,973","20,690"
Solomon Islands,200,208,219,282,391,335,359,392,456,584,622,678,662,484,663,591,520,510,597,553,667,687,790,833,916,"1,015","1,091","1,075",918,947,820,790,630,704,794,915,980,"1,195","1,266","1,240","1,368","1,619","1,777","1,885","1,924","1,842"
Somalia,99,100,128,137,157,195,205,94,95,90,94,107,116,108,117,133,133,149,151,155,157,97,93,159,179,177,194,222,279,266,278,171,156,189,241,273,275,279,285,215,112,109,130,136,149,145
South Africa,829,891,911,"1,215","1,487","1,498","1,402","1,520","1,706","2,055","2,886","2,892","2,585","2,809","2,425","1,808","2,019","2,593","2,729","2,780","3,172","3,323","3,518","3,429","3,488","3,800","3,548","3,612","3,210","3,137","3,083","2,708","2,501","3,731","4,796","5,331","5,540","6,025","5,696","5,804","7,271","7,972","7,501","6,882","6,509","5,773"
South Sudan,,,,,,,,,,,,,,,,,,,,,,,,,,,,,,,,,,,,,,,"1,690","1,276","1,563","1,696",946,"1,196","1,348","1,067"
Spain,"1,205","1,355","1,700","2,234","2,732","3,187","3,256","3,600","4,322","5,722","6,156","5,326","5,115","4,438","4,448","4,655","6,451","8,161","9,611","10,577","13,653","14,651","15,970","13,252","13,348","15,414","16,075","14,719","15,368","15,676","14,611","15,182","16,864","21,349","24,778","26,388","28,391","32,720","35,687","32,379","30,720","31,858","28,646","29,314","29,742","25,865"
Sri Lanka,225,226,248,264,323,328,306,340,229,275,325,340,358,381,430,425,444,456,482,476,542,603,642,682,766,838,899,967,"1,000",988,"1,019",971,"1,027","1,124","1,221","1,430","1,645","1,869","2,336","2,398","2,808","3,214","3,351","3,621","3,881","3,974"
St. Vincent and the Grenadines,234,251,342,370,399,398,383,435,545,627,696,847,974,"1,083","1,170","1,277","1,430","1,587","1,821","1,963","2,179","2,327","2,554","2,609","2,661","2,887","3,047","3,215","3,477","3,616","3,673","3,982","4,271","4,447","4,808","5,064","5,610","6,220","6,370","6,177","6,232","6,184","6,338","6,597","6,656","6,739"
State of Palestine,158,178,250,300,452,438,500,501,508,576,711,639,659,663,632,571,887,946,965,883,921,953,"1,125","1,159","1,137","1,254","1,243","1,309","1,356","1,369","1,338","1,210","1,052","1,152","1,234","1,350","1,341","1,466","1,731","1,835","2,191","2,503","2,624","2,824","2,800","2,716"
Sudan,,,,,,,,,,,,,,,,,,,,,,,,,,,,,,,,,,,,,,,"1,404","1,368","1,494","1,883","1,641","1,659","1,762","1,977"
Sudan (Former),89,94,113,140,166,200,242,275,286,305,333,388,284,247,323,294,387,489,473,452,490,426,442,442,407,426,270,320,332,317,377,439,493,564,684,878,"1,097","1,400",,,,,,,,
Suriname,960,"1,044","1,142","1,263","1,539","1,758","1,918","2,434","2,788","2,961","3,002","3,353","3,445","3,315","3,221","3,221","3,238","3,497","4,059","1,889","1,844","1,921","1,938","1,819","1,889","1,894","2,322","2,445","2,884","2,349","2,406","2,109","2,754","3,195","3,690","4,457","5,296","5,862","6,973","7,562","8,431","8,448","9,422","9,646","9,737","8,985"
Swaziland,347,419,447,563,676,766,760,819,889,"1,022","1,336","1,435","1,294","1,335","1,057",764,925,"1,171","1,309","1,300","1,454","1,500","1,624","1,611","1,685","1,974","1,822","1,914","1,725","1,651","1,603","1,418","1,300","1,995","2,523","2,813","2,844","2,963","2,809","3,047","3,794","4,091","3,953","3,687","3,540","3,212"
Sweden,"4,666","5,066","5,943","7,189","7,967","9,974","10,720","11,295","12,447","14,665","16,856","15,368","13,548","12,435","12,919","13,473","17,711","21,445","24,130","25,261","30,161","31,377","32,302","24,029","25,724","29,915","32,556","29,854","30,109","30,557","29,282","26,991","29,615","37,025","42,495","43,083","46,222","53,294","55,706","46,183","52,053","59,511","56,990","60,134","59,137","50,687"
Switzerland,"3,925","4,677","5,692","7,604","8,723","9,976","10,436","11,171","15,671","17,658","18,832","17,214","17,572","17,412","16,524","16,651","23,731","29,548","31,770","30,457","38,572","38,644","39,789","38,269","41,943","48,705","46,690","40,422","41,467","40,619","37,911","38,693","41,580","48,285","53,578","55,009","57,375","63,150","72,131","69,728","74,223","87,850","82,897","84,353","85,577","80,831"
Syrian Arab Republic,275,313,349,361,559,702,817,864,"1,002","1,165","1,468","1,818","1,835","1,887","1,873",942,884,895,"1,018",851,897,971,"1,095","1,147",890,945,"1,028","1,068","1,122","1,115","1,202","1,258","1,281","1,205","1,389","1,566","1,768","2,073","2,615","2,631","2,918","2,691","2,005","1,640","1,816","1,535"
Tajikistan,,,,,,,,,,,,,,,,,,,,,537,504,359,302,239,211,176,154,217,176,139,172,191,238,311,340,407,524,711,672,744,841,962,"1,049","1,113",926
TFYR of Macedonia,,,,,,,,,,,,,,,,,,,,,"1,459","1,466","1,386","1,508","1,820","2,409","2,370","1,987","1,898","1,932","1,875","1,835","1,981","2,432","2,788","3,064","3,351","4,064","4,822","4,566","4,561","5,080","4,710","5,220","5,474","4,836"
Thailand,200,202,218,281,346,366,407,463,550,614,706,746,768,825,846,773,841,968,"1,161","1,339","1,561","1,766","1,997","2,209","2,494","2,852","3,052","2,476","1,853","2,040","2,012","1,893","2,094","2,349","2,643","2,874","3,351","3,963","4,385","4,231","5,112","5,539","5,915","6,225","5,970","5,815"
Timor-Leste,,,,,,,,,,,,,,,,,,,,,282,315,386,431,475,527,613,574,661,460,534,548,543,545,"1,149","1,869","2,799","2,847","4,358","3,261","4,043","5,543","6,178","4,995","3,607","2,425"
Togo,125,136,155,176,230,248,231,273,330,385,416,338,282,244,222,228,312,360,423,403,472,455,465,346,262,338,360,357,329,321,265,266,286,317,357,378,387,430,523,509,496,562,578,603,643,559
Tonga,203,226,269,395,525,481,441,495,596,633,848,876,910,915,912,779,930,"1,115","1,533","1,597","1,703","2,049","2,019","1,991","2,032","2,120","2,291","2,206","1,953","2,006","1,933","1,695","1,833","2,082","2,374","2,593","2,873","2,985","3,326","3,154","3,597","4,294","4,445","4,178","4,122","3,784"
Trinidad and Tobago,869,938,"1,119","1,332","2,048","2,415","2,438","3,019","3,380","4,305","5,746","6,342","7,264","6,818","6,712","6,299","4,049","4,014","3,732","3,562","4,148","4,316","4,396","3,678","3,957","4,246","4,577","4,551","4,787","5,384","6,431","6,936","7,050","8,805","10,291","12,323","14,096","16,530","21,188","14,509","16,684","19,054","19,152","19,614","20,131","19,063"
Tunisia,312,358,465,555,704,841,856,948,"1,082","1,272","1,507","1,414","1,326","1,283","1,237","1,261","1,318","1,384","1,408","1,378","1,642","1,697","1,978","1,826","1,916","2,172","2,323","2,211","2,295","2,389","2,214","2,255","2,346","2,762","3,113","3,194","3,371","3,778","4,310","4,130","4,140","4,258","4,140","4,203","4,277","3,661"
Turkey,703,648,794,974,"1,311","1,601","1,790","1,995","2,154","2,874","2,106","2,125","1,886","1,761","1,675","1,838","2,028","2,290","2,343","2,714","3,751","3,698","3,832","4,277","3,049","3,889","4,103","4,226","4,389","4,009","4,215","3,054","3,570","4,587","5,855","7,117","7,728","9,309","10,382","8,624","10,111","10,539","10,539","10,801","10,299","9,126"
Turkmenistan,,,,,,,,,,,,,,,,,,,,,839,804,679,686,565,523,558,618,651,867,"1,096","1,484","1,891","2,424","2,588","2,987","3,378","3,807","4,398","4,060","4,479","5,725","6,798","7,480","8,194","6,997"
Turks and Caicos Islands,"1,736","1,915","2,094","2,279","2,481","2,709","2,972","3,268","3,592","3,933","4,276","4,614","4,951","5,304","5,697","6,144","6,659","7,236","7,886","8,547","9,170","9,757","10,285","11,086","11,780","12,424","13,404","14,238","15,494","16,489","16,923","17,772","16,868","17,502","19,405","21,877","26,116","27,009","29,262","23,248","22,159","22,971","22,070","22,245","23,615","25,122"
Tuvalu,354,372,406,502,527,501,490,454,489,502,534,579,457,475,509,407,500,602,847,917,"1,059","1,120","1,176","1,047","1,244","1,275","1,349","1,441","1,391","1,470","1,302","1,356","1,536","1,912","2,241","2,259","2,353","2,768","3,095","2,763","3,238","3,994","4,044","3,880","3,796","3,362"
U.R. of Tanzania: Mainland,179,185,204,236,275,306,321,372,432,443,500,559,573,560,499,534,366,249,281,291,277,303,261,230,230,260,313,358,384,384,394,391,396,416,444,476,468,533,657,665,701,733,820,908,955,877
Uganda,151,162,171,195,230,258,264,276,275,253,259,285,317,340,325,324,357,386,426,363,248,195,202,203,309,350,344,360,335,309,285,287,292,299,346,398,422,502,587,594,597,638,701,715,750,648
Ukraine,,,,,,,,,,,,,,,,,,,,,"1,823","1,720","1,586","1,395","1,102",991,914,"1,037",874,665,664,814,918,"1,095","1,426","1,907","2,406","3,216","4,087","2,652","3,093","3,723","4,029","4,218","2,967","2,022"
United Arab Emirates,"4,475","5,246","6,706","11,004","25,705","27,709","30,887","34,408","28,736","33,674","42,879","45,131","40,245","35,136","32,655","30,067","23,728","23,953","22,477","24,219","27,989","26,946","26,864","26,141","26,496","27,974","29,813","30,377","27,681","29,279","34,208","32,106","32,355","34,295","37,180","40,299","42,952","42,914","45,720","32,905","34,358","39,901","41,712","42,987","44,239","40,439"
United Kingdom,"2,350","2,655","3,039","3,436","3,673","4,303","4,138","4,679","5,974","7,809","10,049","9,616","9,156","8,699","8,191","8,672","10,642","13,153","16,025","16,275","19,142","19,956","20,546","18,436","19,752","22,802","23,986","26,380","27,773","28,168","27,781","27,304","29,637","34,066","39,921","41,656","44,161","50,091","46,615","38,043","38,741","41,302","41,621","42,522","46,615","44,162"
United States,"5,136","5,525","6,014","6,641","7,137","7,713","8,496","9,350","10,463","11,574","12,468","13,854","14,298","15,405","16,949","18,059","18,887","19,844","21,191","22,600","23,649","24,177","25,355","26,403","27,758","28,782","30,058","31,547","32,890","34,535","36,355","37,166","38,054","39,555","41,818","44,215","46,362","47,994","48,341","46,931","48,291","49,675","51,319","52,632","54,447","56,054"
Uruguay,903,"1,082",868,"1,109","1,535","1,351","1,410","1,571","1,870","2,658","3,650","4,048","3,293","1,895","1,789","1,735","2,142","2,668","2,736","2,785","2,971","3,543","4,508","5,213","6,028","6,609","6,976","7,328","7,711","7,247","6,872","6,281","4,089","3,622","4,117","5,221","5,878","7,010","9,062","9,415","11,939","14,167","15,092","16,881","16,738","15,574"
USSR (Former),"1,789","1,863","2,090","2,479","2,452","2,704","2,691","2,861","3,228","3,435","3,551","3,396","3,563","3,653","3,420","3,302","3,042","2,831","2,743","2,711","2,719",,,,,,,,,,,,,,,,,,,,,,,,,
Uzbekistan,,,,,,,,,,,,,,,,,,,,,719,723,643,630,599,594,604,661,629,706,561,376,394,401,472,555,662,841,"1,100","1,238","1,425","1,639","1,823","1,969","2,139","2,308"
Vanuatu,445,467,601,710,686,804,753,765,906,"1,159","1,073",911,884,922,"1,097","1,020",968,"1,005","1,156","1,106","1,169","1,355","1,372","1,372","1,464","1,621","1,649","1,630","1,459","1,461","1,432","1,347","1,362","1,580","1,788","1,886","2,047","2,393","2,698","2,643","2,966","3,275","3,158","3,167","3,148","2,783"
Venezuela (Bolivarian Republic of),"1,194","1,272","1,362","1,577","2,350","2,404","2,675","2,998","3,166","3,784","4,507","4,922","4,895","4,755","3,396","3,425","3,259","2,521","3,082","2,137","2,368","2,544","2,811","2,732","2,631","3,375","3,014","3,715","3,876","4,078","4,785","4,928","3,657","3,230","4,273","5,436","6,740","8,325","11,225","11,535","13,581","10,755","12,772","12,265","11,835","11,069"
Viet Nam,64,68,71,72,76,80,91,106,126,134,44,34,38,56,85,79,81,83,89,94,95,110,139,182,220,276,323,347,347,361,388,403,428,478,593,684,781,903,"1,145","1,212","1,312","1,517","1,725","1,874","2,015","2,068"
Yemen,,,,,,,,,,,,,,,,,,,,285,337,333,339,343,341,389,460,477,431,502,611,614,650,700,784,929,"1,081","1,181","1,362","1,240","1,310","1,282","1,289","1,360","1,299","1,106"
Yemen Arab Republic (Former),85,99,141,126,150,178,190,212,226,240,260,275,300,301,298,304,307,311,315,321,385,,,,,,,,,,,,,,,,,,,,,,,,,
Yemen Democratic (Former),106,95,105,84,88,87,111,133,157,164,195,217,251,256,264,249,210,209,213,233,268,,,,,,,,,,,,,,,,,,,,,,,,,
Yugoslavia (Former),721,776,803,"1,037","1,422","1,579","1,768","2,131","2,513","3,128","3,181","3,108","2,810","2,857","3,038","3,204","3,445","3,646","3,757","4,024","3,754",,,,,,,,,,,,,,,,,,,,,,,,,
Zambia,369,363,413,506,602,533,545,518,560,668,728,654,673,608,470,395,291,282,451,499,466,404,386,372,405,411,379,441,353,330,340,377,376,429,531,692,"1,030","1,103","1,366","1,135","1,456","1,636","1,725","1,840","1,726","1,311"
Zanzibar,,,,,,,,,,,,,,,,,,,,,201,220,214,202,199,235,295,438,325,314,325,336,337,342,380,408,445,514,600,580,588,652,759,835,936,794
Zimbabwe,388,434,518,616,716,760,728,712,689,791,981,"1,136","1,164","1,017",799,852,905,946,"1,060","1,086","1,120","1,018",820,779,804,820,981,994,687,645,604,595,560,525,499,479,465,453,407,594,674,769,851,905,931,890